,Unnamed: 0,date,plant_id,tray,plant_area,plant_convex_hull_area,plant_solidity,plant_perimeter,plant_width,plant_height,plant_longest_path,plant_convex_hull_vertices,plant_ellipse_major_axis,plant_ellipse_minor_axis,plant_ellipse_angle,plant_ellipse_eccentricity,total_plants
0,0,Jun-19-2023,plant0,T01,572,618,0.925566343042071,122.325900912284,49,25,344,16,59.6120491027832,12.9005765914917,110.785743713378,0.976302820866513,55
1,1,Jun-19-2023,plant1,T01,696,856,0.813084112149532,148.811182141304,52,32,401,18,63.2291259765625,16.1826076507568,114.429977416992,0.966693736180323,55
2,2,Jun-19-2023,plant2,T01,488,570,0.856140350877193,113.740114450454,18,44,285,14,42.991600036621,16.9278163909912,177.225982666015,0.919218824742672,55
3,3,Jun-19-2023,plant3,T01,453,536.5,0.844361602982292,112.669046759605,23,37,250,14,37.996726989746,17.407320022583,13.3843908309936,0.88888683709903,55
4,4,Jun-19-2023,plant4,T01,347,481.5,0.720664589823468,141.940370202064,19,41,289,16,41.6088485717773,13.9458293914794,15.4379987716674,0.942159449484951,55
5,5,Jun-19-2023,plant5,T01,329,467.5,0.703743315508021,140.262560725212,33,30,281,13,42.0012855529785,13.7910594940185,132.588729858398,0.944556645487211,55
6,6,Jun-19-2023,plant6,T01,324,369,0.878048780487804,87.2548332214355,30,25,240,14,35.9396705627441,12.6721687316894,53.3849258422851,0.935775807539182,55
7,7,Jun-19-2023,plant7,T01,454,534.5,0.849391955098222,111.396968603134,34,32,286,16,42.0732879638671,15.695966720581,43.3550682067871,0.927806207219893,55
8,8,Jun-19-2023,plant8,T01,384,452.5,0.848618784530386,107.154327988624,35,27,259,16,43.2558441162109,13.0379390716552,59.9502410888671,0.953493205525888,55
9,9,Jun-19-2023,plant9,T01,428,528.5,0.809839167455061,109.982755064964,40,25,285,15,43.5632438659668,15.4154109954833,66.6107635498046,0.935297346400852,55
10,10,Jun-19-2023,plant10,T01,618,740,0.835135135135135,137.154327988624,44,26,300,15,43.1398773193359,23.7716426849365,90.5652389526367,0.834481207768671,55
11,11,Jun-19-2023,plant11,T01,662,797.5,0.830094043887147,139.396968603134,54,23,369,19,54.819896697998,18.795783996582,102.22216796875,0.939384953405339,55
12,12,Jun-19-2023,plant12,T01,565,647,0.873261205564142,125.840619683265,49,24,346,16,52.9330749511718,15.8512344360351,107.108963012695,0.954109473413799,55
13,13,Jun-19-2023,plant13,T01,374,536,0.69776119402985,149.588447451591,32,31,256,14,35.4908790588378,18.4504604339599,45.1221389770507,0.854248523677395,55
14,14,Jun-19-2023,plant14,T01,178,179,0.994413407821229,56.2842707633972,14,20,138,14,21.6736965179443,10.1718788146972,161.587265014648,0.883028664652748,55
15,15,Jun-19-2023,plant15,T01,417,498.5,0.836509528585757,107.254833221435,18,41,295,17,44.7836952209472,14.0804138183593,170.689636230468,0.949287491854604,55
16,16,Jun-19-2023,plant16,T01,609,796,0.765075376884422,186.760270118713,39,37,304,18,48.4472122192382,19.2535495758056,49.1378479003906,0.917639878371084,55
17,17,Jun-19-2023,plant17,T01,354,384.5,0.920676202860858,90.3259009122848,29,29,233,14,39.540054321289,12.0074110031127,43.2041282653808,0.952774993705045,55
18,18,Jun-19-2023,plant18,T01,308,379,0.812664907651715,91.8406196832656,30,27,229,13,37.2662391662597,12.9658422470092,128.72215270996,0.937522509632087,55
19,19,Jun-19-2023,plant19,T01,449,544,0.825367647058823,108.811182141304,40,24,279,17,41.1306686401367,17.3271083831787,110.744491577148,0.906935366530634,55
20,20,Jun-19-2023,plant20,T01,365,429,0.85081585081585,92.0832602977752,31,27,232,16,37.8362998962402,14.4780216217041,124.845634460449,0.923893801744995,55
21,21,Jun-19-2023,plant21,T01,768,977,0.786079836233367,143.982755064964,50,35,370,17,57.2487869262695,20.5317115783691,64.2909774780273,0.933475906098956,55
22,22,Jun-19-2023,plant22,T01,714,872.5,0.818338108882521,133.982755064964,46,33,345,16,50.0743522644043,20.7519245147705,58.886619567871,0.910084731695108,55
23,23,Jun-19-2023,plant23,T01,539,622,0.866559485530546,116.225395679473,32,37,302,17,44.5958213806152,16.2913169860839,145.85740661621,0.930885770415919,55
24,24,Jun-19-2023,plant24,T01,412,478,0.861924686192468,101.012192606925,39,18,270,14,43.5030784606933,13.7330293655395,80.2751998901367,0.948865882679905,55
25,25,Jun-19-2023,plant25,T01,444,556.5,0.797843665768194,151.416110634803,25,36,248,15,35.3315658569335,20.1695289611816,19.8565788269042,0.82104443970984,55
26,26,Jun-19-2023,plant26,T01,324,440,0.736363636363636,152.226116895675,39,16,269,14,39.0443801879882,13.5256919860839,79.9424133300781,0.938080107084829,55
27,27,Jun-19-2023,plant27,T01,386,512.5,0.753170731707317,105.012192606925,34,26,243,13,35.0902709960937,19.1994686126709,123.493675231933,0.837037799390038,55
28,28,Jun-19-2023,plant28,T01,345,483.5,0.713547052740434,139.139603853225,34,29,260,14,38.9977416992187,16.5466728210449,125.931907653808,0.905522507207808,55
29,29,Jun-19-2023,plant29,T01,306,389.5,0.785622593068036,93.5979790687561,32,25,247,15,37.9569778442382,12.6847448348999,55.9106636047363,0.942506637833166,55
30,30,Jun-19-2023,plant30,T01,410,488,0.840163934426229,107.497473835945,17,39,278,13,39.9153213500976,14.8857793807983,4.09816789627075,0.927857883335482,55
31,31,Jun-19-2023,plant31,T01,509,633,0.804107424960505,118.225395679473,28,41,267,13,40.6524429321289,19.9086151123046,21.7756004333496,0.871875607721377,55
32,32,Jun-19-2023,plant32,T01,611,649.5,0.94072363356428,112.911687374115,29,36,267,17,40.16499710083,20.0930480957031,147.178161621093,0.865873706618754,55
33,33,Jun-19-2023,plant33,T01,450,572.5,0.786026200873362,110.426406145095,40,25,278,14,42.3841743469238,16.7621231079101,111.434654235839,0.918474285316342,55
34,34,Jun-19-2023,plant34,T01,485,560,0.866071428571428,110.568541526794,21,42,271,16,41.1017456054687,17.2630462646484,8.62303161621093,0.907520578762871,55
35,35,Jun-19-2023,plant35,T01,818,844.5,0.968620485494375,130.911687374115,52,24,366,18,56.5893669128418,18.0573234558105,75.936408996582,0.947723094664216,55
36,36,Jun-19-2023,plant36,T01,79,66,1.19696969696969,30.1421353816986,9,11,68,10,10.1596622467041,8.34210777282714,166.344055175781,0.570783075037679,55
37,37,Jun-19-2023,plant37,T01,349,502,0.695219123505976,136.140402555465,23,42,301,16,47.2498245239257,12.9966964721679,19.9315795898437,0.961426095227641,55
38,38,Jun-19-2023,plant38,T01,219,280.5,0.780748663101604,104.397212386131,16,28,184,13,30.7694797515869,11.2912483215332,165.108963012695,0.93023569564708,55
39,39,Jun-19-2023,plant39,T01,113,214.5,0.526806526806526,81.4681911468505,21,24,187,9,26.9078903198242,10.7915811538696,140.887115478515,0.916053370722183,55
40,40,Jun-19-2023,plant40,T01,295,396,0.744949494949494,95.2548332214355,29,30,233,14,38.070930480957,12.7599716186523,44.9140892028808,0.942160117449311,55
41,41,Jun-19-2023,plant41,T01,538,630,0.853968253968253,117.740114450454,21,43,294,17,45.243724822998,16.8447113037109,172.309829711914,0.928108254919635,55
42,42,Jun-19-2023,plant42,T01,386,416,0.927884615384615,98.0832602977752,38,22,268,16,41.289867401123,12.6530179977417,67.3684158325195,0.95188879842941,55
43,43,Jun-19-2023,plant43,T01,685,799.5,0.856785490931832,131.740114450454,40,37,319,13,50.3972549438476,19.4432563781738,48.2077255249023,0.922582478756565,55
44,44,Jun-19-2023,plant44,T01,477,514.5,0.927113702623906,107.941124916076,45,16,309,14,47.8106575012207,13.2684097290039,97.7307739257812,0.960719883914393,55
45,45,Jun-19-2023,plant45,T01,533,761.5,0.699934340118187,132.083260297775,40,31,283,18,39.5654907226562,24.4148712158203,117.503036499023,0.786904421303924,55
46,46,Jun-19-2023,plant46,T01,589,664,0.887048192771084,116.811182141304,22,43,294,16,45.1362380981445,17.6679592132568,10.5381498336792,0.920205233640924,55
47,47,Jun-19-2023,plant47,T01,380,429.5,0.884749708963911,90.0832602977752,30,27,240,15,33.8993759155273,14.7646884918212,129.734985351562,0.900167175215715,55
48,48,Jun-19-2023,plant48,T01,434,563.5,0.770186335403726,149.597224354743,17,44,150,14,46.9060363769531,15.2648763656616,175.584838867187,0.945564337432255,55
49,49,Jun-19-2023,plant49,T01,391,568,0.68838028169014,145.78783082962,35,31,284,12,42.1016006469726,16.5521011352539,126.196067810058,0.91947580238067,55
50,50,Jun-19-2023,plant50,T01,331,461,0.718004338394793,131.53700864315,31,30,259,17,37.6864051818847,15.5739603042602,134.785812377929,0.91061697062936,55
51,51,Jun-19-2023,plant51,T01,457,521.5,0.876318312559923,107.740114450454,41,25,285,16,45.6874504089355,14.0928297042846,114.522483825683,0.951236755501101,55
52,52,Jun-19-2023,plant52,T01,641,707,0.906647807637906,119.497473835945,46,24,329,16,48.3476028442382,17.6999797821044,107.021301269531,0.930576147072621,55
53,53,Jun-19-2023,plant53,T01,557,588,0.947278911564625,112.669046759605,23,41,281,14,47.2734146118164,15.091438293457,162.914916992187,0.947674802922344,55
54,54,Jun-19-2023,plant54,T01,506,583.5,0.867180805484147,125.254833221435,49,23,350,17,56.2971687316894,13.1319465637207,105.61131286621,0.972414109695401,55
55,0,Jun-20-2023,plant0,T01,799,1076,0.742565055762081,179.095452904701,57,39,445,18,61.4158096313476,20.7437515258789,122.41926574707,0.941232573831034,55
56,1,Jun-20-2023,plant1,T01,1029,1265,0.813438735177865,188.509666442871,64,44,497,16,79.6575622558593,18.8298759460449,119.815315246582,0.971659402631426,55
57,2,Jun-20-2023,plant2,T01,734,941,0.780021253985122,156.124890446662,25,50,318,12,50.0919036865234,22.9554977416992,179.139739990234,0.888814257164433,55
58,3,Jun-20-2023,plant3,T01,804,1130,0.711504424778761,238.977000951766,30,55,392,14,50.2761421203613,25.4256153106689,9.78431987762451,0.862698088209782,55
59,4,Jun-20-2023,plant4,T01,905,1182,0.76565143824027,179.639609217643,39,48,327,15,45.7014083862304,32.7738037109375,26.5613327026367,0.69694049032879,55
60,5,Jun-20-2023,plant5,T01,806,1089,0.740128558310376,162.468036293983,44,41,344,17,50.5255432128906,27.4127445220947,138.604095458984,0.840022090491767,55
61,6,Jun-20-2023,plant6,T01,572,699,0.818311874105865,129.296463370323,40,30,293,17,43.6301231384277,19.3072566986084,62.4769020080566,0.896758017462796,55
62,7,Jun-20-2023,plant7,T01,899,1227.5,0.732382892057026,168.124890446662,41,52,398,19,55.0243911743164,27.1941318511962,29.8612461090087,0.869337103983648,55
63,8,Jun-20-2023,plant8,T01,870,1098.5,0.791989076012744,155.296463370323,51,41,388,18,61.0007553100585,21.9784717559814,54.1630973815918,0.932837121800715,55
64,9,Jun-20-2023,plant9,T01,820,1040.5,0.788082652570879,224.057171821594,54,30,384,20,55.1212463378906,22.8081912994384,77.1821899414062,0.910375900443501,55
65,10,Jun-20-2023,plant10,T01,674,913,0.738225629791894,142.610171675682,30,46,311,14,44.731273651123,26.0870952606201,15.3349781036376,0.812331549141213,55
66,11,Jun-20-2023,plant11,T01,785,784.5,1.0006373486297,118.568541526794,44,23,280,15,44.5454177856445,21.8361663818359,92.3372192382812,0.871609948970218,55
67,12,Jun-20-2023,plant12,T01,1090,1256,0.867834394904458,168.468036293983,57,39,458,15,68.7947845458984,22.6093959808349,116.424781799316,0.944451837133318,55
68,13,Jun-20-2023,plant13,T01,625,779,0.802310654685494,143.982755064964,37,40,332,20,49.3645515441894,18.2551212310791,43.1875267028808,0.929110494441044,55
69,14,Jun-20-2023,plant14,T01,353,627.5,0.562549800796812,183.410656690597,30,34,199,12,34.918659210205,24.4791412353515,148.334213256835,0.713128585206441,55
70,15,Jun-20-2023,plant15,T01,597,787.5,0.758095238095238,139.396968603134,23,52,378,18,56.0209007263183,17.153995513916,169.736511230468,0.951964933270395,55
71,16,Jun-20-2023,plant16,T01,901,1150,0.783478260869565,177.781744599342,50,44,389,19,59.6386833190918,22.4223957061767,50.1770477294921,0.92663156407608,55
72,17,Jun-20-2023,plant17,T01,710,811.5,0.874922982131854,125.254833221435,35,35,294,16,41.5385513305664,23.9481468200683,41.7584800720214,0.817077241271318,55
73,18,Jun-20-2023,plant18,T01,589,744.5,0.791134989926125,132.568541526794,45,32,345,18,51.4180297851562,17.2557964324951,119.027420043945,0.942005239792424,55
74,19,Jun-20-2023,plant19,T01,862,1179.5,0.730818143281051,171.195958137512,49,39,353,14,48.3375511169433,30.7004642486572,120.994857788085,0.772408058217631,55
75,20,Jun-20-2023,plant20,T01,904,1162,0.777969018932874,162.367531061172,49,36,366,17,54.8114471435546,26.4019756317138,111.947845458984,0.876343189827527,55
76,21,Jun-20-2023,plant21,T01,1222,1481,0.825118163403106,216.267025828361,63,38,438,22,67.3284225463867,25.5610637664794,68.0644378662109,0.925131242353247,55
77,22,Jun-20-2023,plant22,T01,930,1131,0.822281167108753,170.367531061172,54,39,409,21,59.133689880371,21.9526119232177,59.1349945068359,0.928538158215701,55
78,23,Jun-20-2023,plant23,T01,838,1146,0.731239092495637,159.195958137512,38,44,362,14,48.7748985290527,31.7055187225341,140.804000854492,0.759902032367416,55
79,24,Jun-20-2023,plant24,T01,651,784.5,0.82982791586998,177.838937878608,50,23,355,15,53.0009384155273,17.4023685455322,76.7179336547851,0.944559338273839,55
80,25,Jun-20-2023,plant25,T01,624,817,0.763769889840881,139.882249832153,30,46,335,17,47.5473556518554,20.1087265014648,26.7522888183593,0.906167034311216,55
81,26,Jun-20-2023,plant26,T01,728,935.5,0.778193479422768,163.882249832153,45,31,302,17,42.3887748718261,25.6560821533203,72.0183486938476,0.79603049631948,55
82,27,Jun-20-2023,plant27,T01,633,928,0.682112068965517,234.853059768676,42,38,277,15,42.4027786254882,29.9533443450927,125.646034240722,0.707812350025923,55
83,28,Jun-20-2023,plant28,T01,664,865,0.767630057803468,140.811182141304,41,35,325,18,48.3409690856933,21.7524280548095,119.165245056152,0.893039062350553,55
84,29,Jun-20-2023,plant29,T01,715,927.5,0.77088948787062,140.568541526794,44,32,334,17,48.8153228759765,23.950626373291,66.3024749755859,0.871363802233288,55
85,30,Jun-20-2023,plant30,T01,728,1102.5,0.66031746031746,238.088834524154,36,47,303,17,43.9759178161621,34.5827026367187,169.477935791015,0.617716422334926,55
86,31,Jun-20-2023,plant31,T01,717,894,0.802013422818792,142.225395679473,26,55,370,18,57.6559219360351,18.6771488189697,13.5182390213012,0.946077095725378,55
87,32,Jun-20-2023,plant32,T01,1202,1615.5,0.744042092231507,200.367531061172,60,48,406,17,60.2745933532714,34.4729919433593,126.719093322753,0.820300766037703,55
88,33,Jun-20-2023,plant33,T01,705,951.5,0.740935365212821,162.468036293983,57,33,411,21,61.812931060791,18.1087703704834,114.408920288085,0.956124430036986,55
89,34,Jun-20-2023,plant34,T01,853,1079,0.790546802594995,163.438598752021,33,51,337,19,50.5672988891601,27.5742607116699,12.806282043457,0.838242085788869,55
90,35,Jun-20-2023,plant35,T01,913,1205,0.757676348547717,177.539103984832,58,34,416,15,59.6635856628418,24.6337738037109,69.9074935913086,0.910786401668954,55
91,36,Jun-20-2023,plant36,T01,417,535,0.779439252336448,117.497473835945,43,20,304,11,48.1123504638671,13.7727699279785,104.053398132324,0.958151179864798,55
92,37,Jun-20-2023,plant37,T01,751,1034,0.726305609284332,166.610171675682,34,51,359,18,51.6362037658691,24.0561790466308,24.5903797149658,0.884848885413355,55
93,38,Jun-20-2023,plant38,T01,333,538,0.618959107806691,147.136381268501,22,42,299,13,44.8109550476074,15.3102340698242,163.175491333007,0.939822624863789,55
94,39,Jun-20-2023,plant39,T01,409,607,0.673805601317957,153.261692166328,35,40,323,12,48.5541229248046,15.8022117614746,139.755050659179,0.945557319797045,55
95,40,Jun-20-2023,plant40,T01,566,811.5,0.69747381392483,141.396968603134,40,37,335,13,45.549991607666,22.2619228363037,50.6658782958984,0.872431703014776,55
96,41,Jun-20-2023,plant41,T01,748,900.5,0.830649639089394,138.225395679473,27,49,228,15,51.0724868774414,21.8065071105957,168.964569091796,0.904264982152384,55
97,42,Jun-20-2023,plant42,T01,995,1191.5,0.835081829626521,170.953317523002,54,29,370,13,58.8970947265625,26.7504253387451,84.2005462646484,0.890905244759889,55
98,43,Jun-20-2023,plant43,T01,1312,1725.5,0.760359316140249,212.024385213851,56,48,418,19,60.761978149414,33.1994552612304,58.5150070190429,0.837533903297931,55
99,44,Jun-20-2023,plant44,T01,712,993,0.717019133937562,154.468036293983,46,36,307,19,42.3222198486328,32.2128944396972,106.781784057617,0.648594273807389,55
100,45,Jun-20-2023,plant45,T01,1030,1291.5,0.797522260936895,170.468036293983,54,40,386,23,57.3141326904296,26.9778976440429,123.033111572265,0.882292064019766,55
101,46,Jun-20-2023,plant46,T01,967,1359.5,0.711290915777859,182.124890446662,37,54,350,16,50.9340705871582,35.0945243835449,4.10171270370483,0.724743613004002,55
102,47,Jun-20-2023,plant47,T01,800,1064,0.75187969924812,153.296463370323,48,33,332,19,47.4323539733886,29.2765846252441,109.518516540527,0.786784212474573,55
103,48,Jun-20-2023,plant48,T01,649,938.5,0.691529035695258,158.367531061172,22,53,368,20,53.8017845153808,20.610876083374,173.733795166015,0.923711403784908,55
104,49,Jun-20-2023,plant49,T01,1029,1344,0.765625,171.781744599342,51,42,356,18,53.2836303710937,32.6610870361328,116.43569946289,0.790108801090489,55
105,50,Jun-20-2023,plant50,T01,624,909.5,0.686091258933479,143.053822755813,33,47,360,17,50.3523292541503,22.1558322906494,154.743759155273,0.897989915648777,55
106,51,Jun-20-2023,plant51,T01,583,808,0.721534653465346,141.154327988624,48,28,355,11,52.0565719604492,17.8880462646484,112.171485900878,0.939106197611623,55
107,52,Jun-20-2023,plant52,T01,1152,1508,0.76392572944297,199.195958137512,54,45,417,20,57.1009674072265,32.7017402648925,121.392639160156,0.819764834829782,55
108,53,Jun-20-2023,plant53,T01,904,1129.5,0.800354138999557,162.124890446662,32,51,359,17,49.7408447265625,26.603078842163,169.093658447265,0.844957359165245,55
109,54,Jun-20-2023,plant54,T01,1124,1381.5,0.813608396670286,180.610171675682,66,37,477,20,71.4905624389648,23.8655605316162,111.49314880371,0.942633959637768,55
110,0,Jun-21-2023,plant0,T01,1233,1698,0.726148409893993,226.651801824569,63,44,457,20,62.2218971252441,34.2368659973144,115.582633972167,0.835007724437315,55
111,1,Jun-21-2023,plant1,T01,1186,1427,0.831114225648213,205.237588286399,63,43,478,20,71.5530090332031,22.9306488037109,117.921974182128,0.947258400589145,55
112,2,Jun-21-2023,plant2,T01,1145,1466,0.781036834924965,224.066015362739,38,56,408,17,55.9530868530273,30.4032936096191,166.061752319335,0.839492575553068,55
113,3,Jun-21-2023,plant3,T01,1065,1572,0.677480916030534,214.509666442871,43,58,358,18,53.4995727539062,37.8829154968261,14.1411533355712,0.70611463899927,55
114,4,Jun-21-2023,plant4,T01,1390,1766.5,0.786866685536371,242.16652059555,49,51,349,19,51.0265312194824,41.4495582580566,50.4210586547851,0.583220542970633,55
115,5,Jun-21-2023,plant5,T01,1085,1507.5,0.719734660033167,182.710676908493,47,55,406,20,59.4075012207031,32.5673370361328,146.158233642578,0.836345673983148,55
116,6,Jun-21-2023,plant6,T01,941,1150,0.818260869565217,177.681239366531,51,34,344,19,47.6629905700683,29.1008930206298,76.0988464355468,0.791973602368133,55
117,7,Jun-21-2023,plant7,T01,1252,1677.5,0.746348733233979,199.92387998104,46,61,459,19,60.9408836364746,33.7545013427734,24.0092124938964,0.832590343660091,55
118,8,Jun-21-2023,plant8,T01,1323,1666.5,0.793879387938793,203.92387998104,56,57,496,21,71.4035110473632,28.1863498687744,46.8944015502929,0.918789690499576,55
119,9,Jun-21-2023,plant9,T01,1456,1736,0.838709677419354,287.881917238235,70,34,467,23,68.5342559814453,29.9557037353515,90.4681701660156,0.899417307340269,55
120,10,Jun-21-2023,plant10,T01,810,1215,0.666666666666666,164.267025828361,37,51,336,15,50.4093132019043,32.3651275634765,23.6290397644042,0.766665623567021,55
121,11,Jun-21-2023,plant11,T01,1696,2085,0.813429256594724,224.651801824569,86,31,594,20,91.6402816772461,27.1604976654052,92.5314559936523,0.955069588561915,55
122,12,Jun-21-2023,plant12,T01,1577,1993.5,0.791070980687233,225.58073413372,62,50,498,16,66.644058227539,38.5769424438476,123.035934448242,0.815433729890663,55
123,13,Jun-21-2023,plant13,T01,801,1110,0.721621621621621,183.438598752021,36,43,320,17,43.621726989746,30.2286720275878,35.9764976501464,0.720963690726823,55
124,14,Jun-21-2023,plant14,T01,507,609,0.832512315270935,127.154327988624,24,40,288,14,43.4481124877929,16.2497100830078,159.146896362304,0.927427626679101,55
125,15,Jun-21-2023,plant15,T01,895,1115,0.802690582959641,156.953317523002,35,54,357,19,61.0351791381836,23.2402153015136,162.39192199707,0.924670793793047,55
126,16,Jun-21-2023,plant16,T01,1228,1589.5,0.77256999056307,216.75230705738,51,49,374,22,56.6216354370117,32.389045715332,42.1872444152832,0.820235511338431,55
127,17,Jun-21-2023,plant17,T01,1041,1272.5,0.818074656188605,165.053822755813,43,45,304,17,43.9655418395996,39.2184104919433,25.0868473052978,0.451983904906258,55
128,18,Jun-21-2023,plant18,T01,1064,1307.5,0.813766730401529,179.539103984832,51,40,381,16,53.2597274780273,29.4013023376464,120.761734008789,0.833820085543948,55
129,19,Jun-21-2023,plant19,T01,1194,1909.5,0.625294579732914,334.737999677658,55,51,369,17,50.870059967041,43.6708450317382,126.544708251953,0.512849808814342,55
130,20,Jun-21-2023,plant20,T01,1262,1669.5,0.755914944594189,198.75230705738,64,38,410,17,61.4743118286132,35.6257629394531,99.3322677612304,0.814956053504919,55
131,21,Jun-21-2023,plant21,T01,1600,2119.5,0.754895022410946,258.894442439079,65,48,470,21,62.172134399414,41.2727851867675,65.5670700073242,0.747868407252436,55
132,22,Jun-21-2023,plant22,T01,1138,1611,0.706393544382371,230.75230705738,54,39,408,19,52.6562347412109,34.9928321838378,69.5001373291015,0.747241581522019,55
133,23,Jun-21-2023,plant23,T01,1138,1615,0.704643962848297,194.651801824569,44,58,364,19,55.9326629638671,41.8348197937011,147.093276977539,0.663755385095364,55
134,24,Jun-21-2023,plant24,T01,797,1106.5,0.72028920018075,170.367531061172,54,34,355,21,51.1668357849121,27.0399570465087,71.9497299194336,0.848954174823035,55
135,25,Jun-21-2023,plant25,T01,986,1203.5,0.819277108433734,175.438598752021,41,50,362,19,51.4145278930664,28.7712173461914,33.3508491516113,0.828767465831767,55
136,26,Jun-21-2023,plant26,T01,1157,1733.5,0.667435823478511,243.379723668098,51,53,351,18,48.4888000488281,42.1373977661132,23.2219543457031,0.494789247825086,55
137,27,Jun-21-2023,plant27,T01,1033,1449,0.712905452035886,213.92387998104,47,49,348,14,49.4494552612304,39.0543060302734,133.916793823242,0.613387210531301,55
138,28,Jun-21-2023,plant28,T01,954,1326,0.71945701357466,202.99494767189,55,37,371,17,50.3223838806152,32.2445564270019,101.434127807617,0.767741483678182,55
139,29,Jun-21-2023,plant29,T01,1049,1387.5,0.756036036036036,177.539103984832,56,36,399,14,56.8981056213378,31.6737365722656,72.9676055908203,0.830730560881049,55
140,30,Jun-21-2023,plant30,T01,1046,1666,0.627851140456182,279.62741959095,50,48,348,17,52.236228942871,41.9939460754394,147.497406005859,0.594732353968465,55
141,31,Jun-21-2023,plant31,T01,931,1193.5,0.780058651026392,187.539103984832,27,60,425,15,58.8040046691894,23.6193485260009,11.9739246368408,0.915787879916462,55
142,32,Jun-21-2023,plant32,T01,1623,2425,0.669278350515463,266.551296591758,80,50,519,21,73.5620803833007,42.653091430664,112.162620544433,0.814741449022064,55
143,33,Jun-21-2023,plant33,T01,1141,1396.5,0.81704260651629,184.367531061172,59,39,431,17,65.0398330688476,25.2443752288818,115.828979492187,0.921601625082781,55
144,34,Jun-21-2023,plant34,T01,1339,1708.5,0.78372841673983,203.095452904701,50,53,399,18,56.7702713012695,36.1644325256347,34.682071685791,0.770838040361156,55
145,35,Jun-21-2023,plant35,T01,1278,1682,0.759809750297265,210.40916121006,61,46,399,22,60.3265113830566,36.1037063598632,63.5551071166992,0.801143990179868,55
146,36,Jun-21-2023,plant36,T01,654,877.5,0.745299145299145,159.781744599342,55,22,382,19,56.3864402770996,17.8174533843994,98.3767700195312,0.948763098419986,55
147,37,Jun-21-2023,plant37,T01,1097,1430,0.767132867132867,189.781744599342,44,52,384,17,55.4307098388671,32.0651626586914,32.3046417236328,0.815701612656081,55
148,38,Jun-21-2023,plant38,T01,523,737,0.709633649932157,177.091705560684,26,46,327,16,49.4691658020019,17.7118072509765,160.538803100585,0.933707278414009,55
149,39,Jun-21-2023,plant39,T01,609,878,0.693621867881549,188.034442305564,41,43,354,18,52.8107643127441,20.0971183776855,134.691497802734,0.924760486097189,55
150,40,Jun-21-2023,plant40,T01,849,1286,0.660186625194401,269.052627682685,52,40,349,19,49.6748962402343,33.7448539733886,63.3607521057128,0.73384770091372,55
151,41,Jun-21-2023,plant41,T01,1088,1492,0.729222520107238,179.438598752021,42,52,364,16,54.4638175964355,35.0798988342285,156.585510253906,0.764945102836512,55
152,42,Jun-21-2023,plant42,T01,1314,1763,0.745320476460578,231.92387998104,66,39,422,16,64.569709777832,34.5422706604003,93.4215240478515,0.84487681081195,55
153,43,Jun-21-2023,plant43,T01,1728,2634.5,0.655911937749098,350.446078419685,76,54,487,21,70.3279266357421,44.937931060791,73.3153915405273,0.769225799218031,55
154,44,Jun-21-2023,plant44,T01,871,1358,0.641384388807069,192.610171675682,50,43,360,16,47.2262382507324,39.8078689575195,109.716217041015,0.538041296044837,55
155,45,Jun-21-2023,plant45,T01,1560,1859,0.839160839160839,215.33809351921,55,48,408,20,57.0767059326171,38.2846755981445,127.527519226074,0.74167598793694,55
156,46,Jun-21-2023,plant46,T01,1285,1970,0.65228426395939,244.651801824569,49,59,425,16,57.2636070251464,45.8428764343261,172.807525634765,0.599254398336721,55
157,47,Jun-21-2023,plant47,T01,1087,1574.5,0.690377897745316,202.99494767189,61,38,384,19,55.4098854064941,37.0289611816406,92.6454772949218,0.743915622758726,55
158,48,Jun-21-2023,plant48,T01,963,1188.5,0.810265039966344,179.195958137512,27,56,389,17,57.909252166748,24.8367366790771,178.942749023437,0.90335641480834,55
159,49,Jun-21-2023,plant49,T01,1405,1922.5,0.730819245773732,214.16652059555,64,42,387,19,59.0693626403808,42.5121536254882,97.4620895385742,0.694286349089943,55
160,50,Jun-21-2023,plant50,T01,1007,1376.5,0.731565564838358,175.438598752021,38,58,410,18,62.5351486206054,27.8675155639648,160.294555664062,0.895217418758844,55
161,51,Jun-21-2023,plant51,T01,1029,1373,0.749453750910415,184.852812290191,57,40,403,22,55.882022857666,29.6096267700195,118.005546569824,0.848085370094264,55
162,52,Jun-21-2023,plant52,T01,1533,2070,0.740579710144927,243.622364282608,57,55,473,21,62.2096862792968,43.3457717895507,131.393569946289,0.717295730295233,55
163,53,Jun-21-2023,plant53,T01,1116,1539.5,0.724910685287431,192.024385213851,41,53,368,17,52.1465530395507,39.5661468505859,2.66006922721862,0.651383067278345,55
164,54,Jun-21-2023,plant54,T01,1508,2051,0.735251097025841,264.107645511627,71,52,515,21,76.7584457397461,33.5836791992187,117.610244750976,0.899206625748618,55
165,0,Jun-22-2023,plant0,T01,1414,1991,0.710195881466599,268.066015362739,73,43,533,20,71.6399765014648,34.0287017822265,113.038146972656,0.87998795819154,55
166,1,Jun-22-2023,plant1,T01,1314,1687.5,0.778666666666666,231.379723668098,67,46,545,22,73.2861785888671,26.7258834838867,119.17918395996,0.931133552771311,55
167,2,Jun-22-2023,plant2,T01,1218,1548,0.786821705426356,241.722869515419,39,60,404,19,54.2502212524414,32.9995765686035,171.924240112304,0.793718962112314,55
168,3,Jun-22-2023,plant3,T01,1487,2273,0.654201495820501,397.522790551185,54,66,438,21,58.9067916870117,45.9345893859863,8.12300395965576,0.626048318183811,55
169,4,Jun-22-2023,plant4,T01,1622,2039.5,0.795292963961755,250.894442439079,55,53,428,23,57.4472770690918,42.9635200500488,53.7811813354492,0.663836876629535,55
170,5,Jun-22-2023,plant5,T01,1309,1853.5,0.706231454005934,205.781744599342,51,62,458,19,65.8302154541015,35.7343482971191,146.178100585937,0.839845225978457,55
171,6,Jun-22-2023,plant6,T01,1075,1292,0.83204334365325,174.75230705738,57,34,375,20,54.8242874145507,28.5365505218505,76.7540054321289,0.853856010416905,55
172,7,Jun-22-2023,plant7,T01,1370,1954,0.701125895598771,221.681239366531,45,69,552,19,71.1825866699218,32.8388977050781,25.4560146331787,0.88722690733053,55
173,8,Jun-22-2023,plant8,T01,1334,1797.5,0.742141863699582,226.894442439079,64,60,574,21,79.8369979858398,25.4643535614013,48.5874328613281,0.947770096843786,55
174,9,Jun-22-2023,plant9,T01,1587,1923.5,0.82505848713283,280.235946893692,82,30,564,24,84.5087661743164,26.8847217559814,88.5525512695312,0.948047306207505,55
175,10,Jun-22-2023,plant10,T01,1189,1552,0.76610824742268,254.851152181625,41,58,414,17,59.0733222961425,30.8240280151367,18.911413192749,0.853072320466347,55
176,11,Jun-22-2023,plant11,T01,1964,2458.5,0.798861094163107,257.965510129928,97,37,692,21,111.673599243164,26.8801078796386,97.713394165039,0.97059895689571,55
177,12,Jun-22-2023,plant12,T01,1813,2513,0.721448467966573,263.137083053588,70,57,577,18,75.8967666625976,41.5589752197265,121.378807067871,0.836758303740748,55
178,13,Jun-22-2023,plant13,T01,975,1344.5,0.725176645593157,210.651801824569,43,43,335,18,44.4474067687988,36.6025848388671,41.1215095520019,0.567311522440433,55
179,14,Jun-22-2023,plant14,T01,601,740,0.812162162162162,133.053822755813,27,47,340,16,54.3810729980468,16.3585796356201,161.483840942382,0.953682877568703,55
180,15,Jun-22-2023,plant15,T01,843,1177,0.716227697536108,168.953317523002,33,58,398,16,58.6487045288085,25.1090393066406,167.372741699218,0.90371902119233,55
181,16,Jun-22-2023,plant16,T01,1212,1560.5,0.776674142902915,215.237588286399,53,51,410,19,60.9450492858886,29.3448657989501,44.0787048339843,0.876447672149874,55
182,17,Jun-22-2023,plant17,T01,1132,1449,0.781228433402346,180.367531061172,45,50,336,21,47.8455429077148,40.1728210449218,18.533935546875,0.543150128492053,55
183,18,Jun-22-2023,plant18,T01,1085,1325.5,0.818559034326669,182.852812290191,55,38,397,21,57.6657180786132,27.5004959106445,117.290428161621,0.878960240624722,55
184,19,Jun-22-2023,plant19,T01,1404,2289.5,0.613234330639877,370.809986948967,60,55,429,19,60.5077896118164,48.5874557495117,51.611400604248,0.595985691304922,55
185,20,Jun-22-2023,plant20,T01,1470,2053,0.71602532878714,248.894442439079,73,41,468,22,66.8272857666015,38.3453254699707,96.5650634765625,0.818997251692386,55
186,21,Jun-22-2023,plant21,T01,1778,2360.5,0.753230247828849,286.894442439079,67,51,483,21,65.8134536743164,44.9856796264648,69.1127548217773,0.729919437044706,55
187,22,Jun-22-2023,plant22,T01,1138,1786.5,0.636999720123145,345.019726872444,66,41,430,21,60.5433197021484,35.022850036621,74.9678726196289,0.815699490184751,55
188,23,Jun-22-2023,plant23,T01,1397,2121.5,0.658496346924346,253.764499664306,55,61,386,19,57.1262969970703,52.7945556640625,135.247634887695,0.381975254058652,55
189,24,Jun-22-2023,plant24,T01,924,1370,0.674452554744525,252.245460629463,62,36,442,18,58.8058815002441,27.8638973236084,70.7149047851562,0.880617191507415,55
190,25,Jun-22-2023,plant25,T01,1126,1379,0.816533720087019,182.610171675682,41,53,377,21,53.5703887939453,30.3743076324462,33.8110885620117,0.823719112561678,55
191,26,Jun-22-2023,plant26,T01,1146,1869.5,0.612998127841668,254.793937206268,56,53,397,19,50.8559875488281,43.0636367797851,42.482681274414,0.531949405941623,55
192,27,Jun-22-2023,plant27,T01,1179,1680,0.701785714285714,213.781744599342,50,52,369,14,53.6582984924316,41.2358436584472,134.795455932617,0.639862293279613,55
193,28,Jun-22-2023,plant28,T01,956,1476,0.647696476964769,201.58073413372,61,39,417,17,54.3960838317871,32.6316719055175,102.06957244873,0.800082416844404,55
194,29,Jun-22-2023,plant29,T01,1179,1692.5,0.696602658788774,208.651801824569,65,39,425,18,61.2928237915039,35.424446105957,77.2203063964843,0.81606918868245,55
195,30,Jun-22-2023,plant30,T01,1249,1961.5,0.636757583482029,301.979988932609,53,54,387,19,56.3995132446289,45.2802047729492,146.036849975585,0.596184526457337,55
196,31,Jun-22-2023,plant31,T01,1086,1615,0.672445820433436,222.99494767189,37,65,468,17,61.8231124877929,32.5120468139648,10.0298776626586,0.850553687960369,55
197,32,Jun-22-2023,plant32,T01,2098,3214.5,0.652667599937781,296.551296591758,96,53,682,21,88.7962036132812,46.9134063720703,108.69676208496,0.849041155920837,55
198,33,Jun-22-2023,plant33,T01,1376,1770,0.777401129943502,212.610171675682,76,40,548,17,76.4764709472656,27.5093097686767,110.706115722656,0.933064363907567,55
199,34,Jun-22-2023,plant34,T01,1397,1883,0.741901221455124,255.279218435287,52,57,402,20,56.2165412902832,40.359146118164,30.9029827117919,0.69612255633578,55
200,35,Jun-22-2023,plant35,T01,1296,1786.5,0.72544080604534,238.75230705738,62,46,443,19,62.5082550048828,35.9493331909179,66.9377899169921,0.81807372015364,55
201,36,Jun-22-2023,plant36,T01,798,1113,0.716981132075471,185.681239366531,63,26,446,17,69.7443695068359,19.0251483917236,99.7285614013672,0.962075302144247,55
202,37,Jun-22-2023,plant37,T01,1064,1502,0.708388814913448,195.095452904701,44,57,410,18,57.2015304565429,32.3626518249511,29.5057258605957,0.824566196225577,55
203,38,Jun-22-2023,plant38,T01,586,889.5,0.658797077009555,198.935370802879,30,50,364,18,54.0511970520019,19.6348781585693,159.382339477539,0.93168607491679,55
204,39,Jun-22-2023,plant39,T01,614,909,0.675467546754675,186.913061738014,42,42,359,17,53.1209144592285,20.9239158630371,133.24478149414,0.919156627082148,55
205,40,Jun-22-2023,plant40,T01,1034,1705.5,0.606273819994136,263.112141370773,62,44,405,17,56.3817291259765,41.1591033935546,68.467788696289,0.683438787949852,55
206,41,Jun-22-2023,plant41,T01,1420,1943.5,0.730640596861332,214.99494767189,50,58,421,18,61.9872817993164,39.8099517822265,150.323455810546,0.766513882710773,55
207,42,Jun-22-2023,plant42,T01,1620,2203.5,0.735194009530292,235.237588286399,75,45,506,19,70.2227630615234,39.232437133789,98.5183486938476,0.829379617316249,55
208,43,Jun-22-2023,plant43,T01,2167,3435.5,0.630766991704264,387.686565876007,89,57,582,21,82.0220489501953,49.9670906066894,81.4640274047851,0.793023566012636,55
209,44,Jun-22-2023,plant44,T01,1179,1814,0.649944873208379,225.82337474823,55,50,373,16,51.9300842285156,46.6711540222168,49.1123657226562,0.438501275552324,55
210,45,Jun-22-2023,plant45,T01,1710,2193,0.779753761969904,254.75230705738,63,48,451,21,61.2409591674804,42.5376510620117,117.263557434082,0.719401195583814,55
211,46,Jun-22-2023,plant46,T01,1627,2383.5,0.682609607719739,326.726200222969,57,63,440,21,60.6631164550781,51.9743995666503,156.414199829101,0.515697039058303,55
212,47,Jun-22-2023,plant47,T01,1364,2049,0.665690580771107,284.608177304267,72,41,484,19,66.12060546875,37.5524406433105,91.3291320800781,0.823070960507358,55
213,48,Jun-22-2023,plant48,T01,938,1207,0.777133388566694,177.438598752021,24,61,416,17,63.4719467163085,22.0268001556396,175.541946411132,0.937853267966654,55
214,49,Jun-22-2023,plant49,T01,1485,2152,0.690055762081784,255.965510129928,73,44,471,19,64.3725051879882,42.9051551818847,93.2151336669922,0.745492801647909,55
215,50,Jun-22-2023,plant50,T01,1149,1675.5,0.685765443151298,193.92387998104,43,65,460,20,66.4195022583007,31.1555023193359,159.331359863281,0.88316013968271,55
216,51,Jun-22-2023,plant51,T01,867,1185.5,0.731336988612399,180.024385213851,60,34,418,18,59.0844345092773,22.8564929962158,112.515060424804,0.922144931275814,55
217,52,Jun-22-2023,plant52,T01,1842,2614,0.704667176740627,263.178713202476,63,66,530,23,74.299819946289,44.5813789367675,134.398147583007,0.799984989791249,55
218,53,Jun-22-2023,plant53,T01,1554,2043.5,0.760459995106435,226.75230705738,53,61,412,22,57.1174850463867,48.5452232360839,171.129776000976,0.526913718313054,55
219,54,Jun-22-2023,plant54,T01,1963,2757.5,0.711876699909338,296.107645511627,76,60,629,22,82.9338455200195,40.5858573913574,121.697296142578,0.872072731871172,55
220,0,Jun-23-2023,plant0,T01,2116,3343,0.632964403230631,320.735062122344,76,72,531,21,73.5142822265625,57.7530975341796,128.090103149414,0.618729917517089,55
221,1,Jun-23-2023,plant1,T01,1952,2949,0.661919294676161,313.906635046005,78,59,588,21,73.7621841430664,49.295310974121,116.119117736816,0.743891339633391,55
222,2,Jun-23-2023,plant2,T01,2212,3037.5,0.728230452674897,302.107645511627,70,68,568,22,77.5237503051757,50.4457626342773,137.505996704101,0.759323214337441,55
223,3,Jun-23-2023,plant3,T01,1780,3077.5,0.578391551584078,404.901458859443,70,67,433,21,64.1894454956054,60.5576362609863,164.262725830078,0.331598904945456,55
224,4,Jun-23-2023,plant4,T01,2340,3258.5,0.718121835200245,328.735062122344,78,63,535,24,74.4478759765625,54.8599472045898,101.138488769531,0.676011908882519,55
225,5,Jun-23-2023,plant5,T01,1866,2639,0.707086017430845,293.965510129928,52,82,564,21,80.0451202392578,40.5159568786621,157.606369018554,0.862437257040016,55
226,6,Jun-23-2023,plant6,T01,1812,2495.5,0.726106992586656,249.036577820777,68,56,447,22,61.3154563903808,53.6116905212402,106.734313964843,0.485280549987639,55
227,7,Jun-23-2023,plant7,T01,1949,2802,0.695574589578872,280.308655977249,58,72,521,21,69.3711700439453,51.4516563415527,21.502290725708,0.670746763385901,55
228,8,Jun-23-2023,plant8,T01,2084,3304,0.630750605326876,304.835567355155,69,82,700,21,87.5600662231445,48.9106826782226,38.900146484375,0.829440030929343,55
229,9,Jun-23-2023,plant9,T01,2460,3668,0.670665212649945,446.861924052238,95,60,642,22,86.2018356323242,53.0903015136718,91.0490646362304,0.787837118123892,55
230,10,Jun-23-2023,plant10,T01,1269,1900,0.667894736842105,287.557020306587,46,62,451,17,62.0368690490722,34.1406745910644,12.5766382217407,0.834948041231908,55
231,11,Jun-23-2023,plant11,T01,2761,4036.5,0.684008423138857,355.119838118553,109,52,750,28,100.21726989746,50.2763519287109,95.5186538696289,0.865057030241409,55
232,12,Jun-23-2023,plant12,T01,2731,4504.5,0.606282606282606,368.776692271232,89,74,630,23,92.5022735595703,67.2222290039062,110.15185546875,0.68694549934617,55
233,13,Jun-23-2023,plant13,T01,1456,2375,0.613052631578947,279.421353816986,68,53,483,22,60.3815002441406,53.3245277404785,110.834602355957,0.469134160533186,55
234,14,Jun-23-2023,plant14,T01,946,1531.5,0.617695070192621,212.066015362739,43,55,328,17,52.6423645019531,42.4656143188476,169.083312988281,0.590986615314804,55
235,15,Jun-23-2023,plant15,T01,1579,2152.5,0.733565621370499,222.40916121006,55,66,478,22,71.975112915039,35.9365196228027,147.491012573242,0.866434410222568,55
236,16,Jun-23-2023,plant16,T01,2253,3224.5,0.698712978756396,321.563489198684,57,80,545,24,76.2919540405273,51.0452270507812,174.700912475585,0.74319267260257,55
237,17,Jun-23-2023,plant17,T01,1736,2650.5,0.654970760233918,282.066015362739,61,65,458,18,65.2556838989257,57.3001136779785,143.924057006835,0.478502533421172,55
238,18,Jun-23-2023,plant18,T01,1955,2867,0.681897453784443,310.492421507835,60,69,429,19,68.7146682739257,53.7894096374511,164.625701904296,0.62228130161611,55
239,19,Jun-23-2023,plant19,T01,2229,2909,0.766242695084221,334.634556889534,60,71,482,21,69.5065002441406,48.3199768066406,163.608245849609,0.718829469859001,55
240,20,Jun-23-2023,plant20,T01,1981,2891,0.685230024213075,433.490765213966,92,46,603,23,82.7995452880859,43.5000953674316,87.6163558959961,0.850876132127782,55
241,21,Jun-23-2023,plant21,T01,2813,4031,0.697841726618705,393.303603649139,77,85,649,21,86.1520156860351,61.740306854248,37.2183876037597,0.697439374642088,55
242,22,Jun-23-2023,plant22,T01,1658,2964.5,0.559284870973182,343.421353816986,83,56,564,18,78.7296600341796,47.5369110107421,107.058761596679,0.797136403201578,55
243,23,Jun-23-2023,plant23,T01,1749,2537,0.689396925502562,312.149275660514,55,72,475,18,64.6985626220703,50.798053741455,173.996353149414,0.619306086263212,55
244,24,Jun-23-2023,plant24,T01,1361,2014.5,0.675601886324149,225.965510129928,65,52,448,20,61.2131729125976,44.3955917358398,69.9397430419921,0.688472910052616,55
245,25,Jun-23-2023,plant25,T01,1941,2722.5,0.712947658402203,318.149275660514,77,55,519,23,68.7176666259765,46.7190742492675,84.3033370971679,0.733332732850405,55
246,26,Jun-23-2023,plant26,T01,2170,3467,0.62590135563888,435.858470320701,59,89,595,22,83.033218383789,52.0309448242187,179.591430664062,0.77931846526482,55
247,27,Jun-23-2023,plant27,T01,1835,2633.5,0.696791342320106,315.178713202476,51,70,480,25,66.0646057128906,45.6953506469726,6.98008823394775,0.722207239658386,55
248,28,Jun-23-2023,plant28,T01,1707,2554,0.668363351605325,278.450791358947,75,49,510,21,67.4366149902343,47.564224243164,75.4543762207031,0.708891552785916,55
249,29,Jun-23-2023,plant29,T01,1654,2266.5,0.729759541142731,244.99494767189,77,40,504,21,70.8402481079101,40.4785537719726,85.2266082763671,0.820667415174019,55
250,30,Jun-23-2023,plant30,T01,1684,2692.5,0.625441039925719,300.592926740646,67,62,514,20,68.7133178710937,50.1312065124511,132.464447021484,0.683905660676702,55
251,31,Jun-23-2023,plant31,T01,2032,3359.5,0.604851912486977,310.107645511627,76,72,484,20,73.8481292724609,61.358341217041,44.5902633666992,0.556463616686396,55
252,32,Jun-23-2023,plant32,T01,2570,3770,0.681697612732095,361.421353816986,107,56,745,24,98.4314422607422,47.689453125,106.213790893554,0.874794527948256,55
253,33,Jun-23-2023,plant33,T01,2142,3625.5,0.590815059991725,344.877197504043,84,66,585,19,87.3309249877929,59.5868797302246,104.836647033691,0.731061725563307,55
254,34,Jun-23-2023,plant34,T01,2327,3496,0.665617848970251,314.249780893325,87,63,631,20,83.5680770874023,54.7669448852539,66.3118362426757,0.755319058158538,55
255,35,Jun-23-2023,plant35,T01,2054,2821.5,0.727981570086833,282.450791358947,62,71,484,19,65.1432571411132,54.4839134216308,18.6844234466552,0.548164213328464,55
256,36,Jun-23-2023,plant36,T01,1094,1880.5,0.581760170167508,250.551296591758,69,43,478,16,66.2828369140625,37.0422210693359,98.8256683349609,0.82926817447919,55
257,37,Jun-23-2023,plant37,T01,2041,2731,0.747345294763822,300.350286126136,75,57,536,29,73.0447540283203,43.8375091552734,62.1323623657226,0.799890559256006,55
258,38,Jun-23-2023,plant38,T01,984,1413.5,0.696144322603466,259.13115465641,33,53,380,20,54.6484870910644,31.1397743225097,167.600204467773,0.821769871766861,55
259,39,Jun-23-2023,plant39,T01,1209,1602,0.754681647940074,208.16652059555,63,42,458,18,63.3357505798339,29.8148155212402,113.255477905273,0.882270767672023,55
260,40,Jun-23-2023,plant40,T01,1471,2330,0.631330472103004,338.357415318489,78,45,474,21,69.2535400390625,44.5987091064453,80.9557113647461,0.765032426503288,55
261,41,Jun-23-2023,plant41,T01,1774,2584.5,0.686399690462371,253.379723668098,61,68,561,20,72.4080963134765,44.2728462219238,142.058151245117,0.79129464138778,55
262,42,Jun-23-2023,plant42,T01,1936,2998,0.645763842561707,300.007140278816,90,55,611,21,80.3873596191406,48.4832763671875,99.093276977539,0.797649976378192,55
263,43,Jun-23-2023,plant43,T01,2550,3912,0.651840490797546,335.521859049797,101,58,657,24,90.2305221557617,54.9947509765625,87.2017135620117,0.792792477939933,55
264,44,Jun-23-2023,plant44,T01,1344,2090.5,0.642908395120784,275.036577820777,59,52,427,17,56.0267715454101,51.2431030273437,122.437149047851,0.404318699497081,55
265,45,Jun-23-2023,plant45,T01,2623,3845.5,0.682095956312573,348.048770427703,81,72,557,23,77.1988296508789,64.8955688476562,60.7283859252929,0.541611500714259,55
266,46,Jun-23-2023,plant46,T01,2069,2900,0.713448275862068,348.391916275024,66,70,518,22,74.9907608032226,49.5625228881836,140.160003662109,0.750460717515086,55
267,47,Jun-23-2023,plant47,T01,1594,2447,0.651409889660809,256.693431973457,81,44,529,19,73.830696105957,42.1553993225097,87.281379699707,0.820968223294289,55
268,48,Jun-23-2023,plant48,T01,1414,2120,0.666981132075471,288.835567355155,51,61,431,20,54.5023193359375,44.2647590637207,9.12973022460937,0.583430804195907,55
269,49,Jun-23-2023,plant49,T01,2179,3273,0.665750076382523,328.048770427703,75,64,571,23,77.7188034057617,55.731590270996,50.9192466735839,0.696977755314114,55
270,50,Jun-23-2023,plant50,T01,1717,2594.5,0.661784544228175,262.793937206268,45,85,597,20,78.1534652709961,41.0247039794921,169.380386352539,0.851148515315649,55
271,51,Jun-23-2023,plant51,T01,1859,2635.5,0.705369000189717,297.806129813194,61,77,542,21,75.114517211914,41.5114135742187,149.42674255371,0.833418961175906,55
272,52,Jun-23-2023,plant52,T01,2505,3870.5,0.647203203720449,326.735062122344,77,73,572,25,79.5371932983398,63.5409355163574,126.783920288085,0.6014860528282,55
273,53,Jun-23-2023,plant53,T01,1674,2271.5,0.73695795729694,265.965510129928,55,64,393,20,64.4874267578125,50.4338989257812,19.0376281738281,0.623186368424648,55
274,54,Jun-23-2023,plant54,T01,2665,4044.5,0.658919520336259,334.350286126136,88,70,649,24,88.9042053222656,60.3257980346679,117.132865905761,0.734555780481674,55
275,0,Jun-26-2023,plant0,T01,5173,8412.5,0.614918276374442,554.457931637764,117,105,798,25,109.436965942382,93.2463150024414,81.5120773315429,0.52345225342441,55
276,1,Jun-26-2023,plant1,T01,5118,8186,0.625213779623747,515.286358714103,97,119,837,24,112.94660949707,92.7314147949218,16.6919956207275,0.570899564503799,55
277,2,Jun-26-2023,plant2,T01,4439,5853,0.7584144882966,414.333041191101,99,86,702,30,99.8879013061523,76.4741134643554,96.1175994873046,0.643317664632349,55
278,3,Jun-26-2023,plant3,T01,3838,5359.5,0.716111577572534,430.960457801818,98,84,665,22,101.440338134765,62.4763298034668,114.423156738281,0.787830308003931,55
279,4,Jun-26-2023,plant4,T01,3907,5458.5,0.715764404140331,398.23253595829,92,98,675,25,97.2374191284179,64.9506072998046,139.90151977539,0.744198092596488,55
280,5,Jun-26-2023,plant5,T01,3728,4972.5,0.749723479135243,440.57568180561,77,89,652,25,94.758316040039,59.6352729797363,30.2091541290283,0.777129446508238,55
281,6,Jun-26-2023,plant6,T01,3637,4962.5,0.732896725440806,399.98989534378,67,99,684,21,96.1258850097656,60.7253875732421,174.877746582031,0.775190343942939,55
282,7,Jun-26-2023,plant7,T01,4665,6807.5,0.685273595299302,681.594975829124,110,87,793,23,105.868293762207,75.7293167114257,111.648551940917,0.698800818395686,55
283,8,Jun-26-2023,plant8,T01,4853,7168,0.677036830357142,513.931020259857,83,110,783,32,102.853927612304,78.9307708740234,167.66748046875,0.641160892067182,55
284,9,Jun-26-2023,plant9,T01,4930,7365.5,0.669336772792071,536.943212866783,95,112,778,26,103.813903808593,78.8612060546875,6.81892395019531,0.650343672500754,55
285,10,Jun-26-2023,plant10,T01,2924,4689,0.623587118788654,394.918827652931,111,72,802,24,109.08666229248,55.6713066101074,60.7168998718261,0.859972617650557,55
286,11,Jun-26-2023,plant11,T01,6789,9782.5,0.693994377715307,690.239676237106,117,127,865,28,116.79019165039,91.9470443725586,154.610626220703,0.61659060081326,55
287,12,Jun-26-2023,plant12,T01,5817,8854,0.656991190422408,615.286358714103,114,112,805,25,108.86392211914,92.3739013671875,45.7913055419921,0.529153203804019,55
288,13,Jun-26-2023,plant13,T01,3156,4636.5,0.680685862180524,412.57568180561,101,68,663,25,94.0710906982422,60.2844772338867,95.0246887207031,0.767674831288082,55
289,14,Jun-26-2023,plant14,T01,2304,2944.5,0.782475802343352,302.693431973457,58,70,512,17,72.8850860595703,46.6785697937011,40.5291900634765,0.768007689213261,55
290,15,Jun-26-2023,plant15,T01,4055,5846.5,0.693577353972462,400.676187038421,100,89,629,24,102.926628112792,78.5236282348632,77.0073165893554,0.646506143909837,55
291,16,Jun-26-2023,plant16,T01,5154,7076,0.728377614471452,456.031525492668,117,99,717,22,112.682746887207,83.1842651367187,120.818046569824,0.674563837868605,55
292,17,Jun-26-2023,plant17,T01,2851,3601.5,0.791614605025683,369.504614114761,79,63,544,24,73.7426834106445,54.2777976989746,85.015754699707,0.676934610672089,55
293,18,Jun-26-2023,plant18,T01,3799,5157.5,0.736597188560349,385.362478733062,77,106,774,24,105.682701110839,59.157470703125,25.3162097930908,0.828651442685037,55
294,19,Jun-26-2023,plant19,T01,5136,7440.5,0.690276191116188,520.457931637764,110,116,913,22,136.971206665039,69.4805908203125,39.4569473266601,0.861790590661146,55
295,20,Jun-26-2023,plant20,T01,4547,6296.5,0.722147224648614,418.776692271232,84,113,829,24,104.615242004394,69.1936645507812,17.720401763916,0.750023720367633,55
296,21,Jun-26-2023,plant21,T01,6352,9669.5,0.656910905424272,667.369619011879,136,111,963,26,142.135070800781,89.9737319946289,118.306365966796,0.774138952449983,55
297,22,Jun-26-2023,plant22,T01,4720,7481,0.630931693623847,566.943212866783,104,104,764,27,108.637756347656,90.6332321166992,139.164001464843,0.551355961407455,55
298,23,Jun-26-2023,plant23,T01,4646,6340,0.732807570977917,425.119838118553,127,81,830,27,121.225120544433,68.7681503295898,75.7287902832031,0.823527463207179,55
299,24,Jun-26-2023,plant24,T01,4023,5632.5,0.714247669773635,485.445739030838,81,108,753,25,105.869468688964,67.2403945922851,163.984481811523,0.772408994616242,55
300,25,Jun-26-2023,plant25,T01,4601,6140,0.749348534201954,424.190905809402,109,82,744,24,112.983901977539,70.7525863647461,107.89444732666,0.779647771785521,55
301,26,Jun-26-2023,plant26,T01,5241,6925,0.75682310469314,490.617311954498,119,85,808,26,110.994560241699,71.668212890625,101.874229431152,0.763598618301253,55
302,27,Jun-26-2023,plant27,T01,3859,5090.5,0.758078774187211,402.291411042213,86,93,661,23,101.334968566894,60.7221603393554,37.6705741882324,0.800582777823053,55
303,28,Jun-26-2023,plant28,T01,4498,6465.5,0.695692521846724,467.060963034629,78,122,803,24,110.980911254882,66.3023223876953,7.64510440826416,0.801927801133507,55
304,29,Jun-26-2023,plant29,T01,3757,5155.5,0.728736301037726,439.303603649139,74,100,719,20,96.1298446655273,60.3024368286132,150.738067626953,0.778776150135803,55
305,30,Jun-26-2023,plant30,T01,3926,5363.5,0.731984711475715,445.303603649139,106,77,770,24,110.019218444824,60.9809036254882,64.3372039794921,0.832333593611803,55
306,31,Jun-26-2023,plant31,T01,5440,8239.5,0.660234237514412,530.173660874366,132,92,885,29,125.109626770019,85.5433731079101,100.584785461425,0.729718843387266,55
307,32,Jun-26-2023,plant32,T01,6761,10424,0.648599386032233,838.302243232727,113,127,1053,27,128.912963867187,93.1046981811523,31.2309303283691,0.691653872128968,55
308,33,Jun-26-2023,plant33,T01,4359,6321,0.689606074988134,436.23253595829,92,111,817,21,107.440223693847,72.9295349121093,30.4362716674804,0.734330846652775,55
309,34,Jun-26-2023,plant34,T01,4173,5954,0.700873362445414,433.40410888195,94,87,697,22,87.7537384033203,80.0121383666992,104.799186706542,0.410678108939,55
310,35,Jun-26-2023,plant35,T01,4897,6921,0.707556711457881,496.516806721687,104,104,832,25,118.694992065429,75.5860290527343,132.320434570312,0.77102166404354,55
311,36,Jun-26-2023,plant36,T01,2775,4216.5,0.658128779793667,397.119838118553,65,97,671,20,87.6736907958984,54.193790435791,166.852767944335,0.786075423004311,55
312,37,Jun-26-2023,plant37,T01,4701,6127.5,0.7671970624235,435.203098416328,103,91,674,25,112.330795288085,71.3216934204101,123.589797973632,0.7725733166998,55
313,38,Jun-26-2023,plant38,T01,3050,4487.5,0.679665738161559,384.776692271232,90,79,675,23,94.9011993408203,63.5277557373046,56.6484718322753,0.742893695975881,55
314,39,Jun-26-2023,plant39,T01,3032,4176.5,0.725966718544235,381.504614114761,86,82,617,28,93.5087661743164,52.4176788330078,51.6722412109375,0.828110881616023,55
315,40,Jun-26-2023,plant40,T01,3453,4598.5,0.750897031640752,391.504614114761,70,100,710,21,97.8237609863281,54.566120147705,157.067184448242,0.829975216748913,55
316,41,Jun-26-2023,plant41,T01,4050,5227.5,0.774748923959827,439.64674949646,102,69,744,20,95.7343292236328,62.14058303833,76.0326690673828,0.760708170221068,55
317,42,Jun-26-2023,plant42,T01,5764,7983.5,0.721989102523955,483.102593183517,99,126,867,27,113.298698425292,80.5647659301757,169.918395996093,0.703108187471647,55
318,43,Jun-26-2023,plant43,T01,6280,9198.5,0.68272000869707,604.884337782859,115,115,955,25,128.452835083007,82.4235534667968,133.261978149414,0.766985903444309,55
319,44,Jun-26-2023,plant44,T01,3564,5934,0.600606673407482,438.333041191101,110,89,838,25,107.655723571777,69.8381729125976,53.0576171875,0.761029139670693,55
320,45,Jun-26-2023,plant45,T01,5090,6674,0.762661072819898,491.203098416328,94,110,811,26,113.286705017089,67.4551315307617,42.0659675598144,0.8034017694577,55
321,46,Jun-26-2023,plant46,T01,4996,6718,0.743673712414409,482.173660874366,139,85,869,24,130.098175048828,70.7648086547851,72.6944198608398,0.839128062191919,55
322,47,Jun-26-2023,plant47,T01,4055,5791,0.700224486271801,478.274166107177,83,110,784,24,112.820518493652,60.9542617797851,24.5019626617431,0.841487628444149,55
323,48,Jun-26-2023,plant48,T01,4444,6178,0.719326642926513,448.759447336196,108,82,746,24,108.412590026855,74.9016494750976,85.7499542236328,0.72295570528624,55
324,49,Jun-26-2023,plant49,T01,5335,6792.5,0.785425101214574,462.475176572799,79,121,829,24,119.554962158203,69.0598983764648,12.3525276184082,0.81629062674815,55
325,50,Jun-26-2023,plant50,T01,4213,5749,0.732823099669507,432.918827652931,97,88,702,28,96.2044677734375,71.9338455200195,53.1841735839843,0.66401602019525,55
326,51,Jun-26-2023,plant51,T01,3942,5580,0.706451612903225,374.433546423912,80,102,560,25,101.801055908203,74.3517303466796,9.84604263305664,0.683059152430837,55
327,52,Jun-26-2023,plant52,T01,5869,8537,0.68747803678107,524.617311954498,123,99,777,26,123.442352294921,84.5291976928711,61.9042053222656,0.728762463191023,55
328,53,Jun-26-2023,plant53,T01,4688,6736.5,0.695910339196912,461.788884878158,127,83,867,25,125.365631103515,69.2673568725586,104.267105102539,0.833497850610059,55
329,54,Jun-26-2023,plant54,T01,5168,7413,0.697153648995008,522.315796256065,113,88,748,25,112.589469909667,77.9480285644531,69.5995178222656,0.721589877046174,55
330,0,Jun-28-2023,plant0,T01,19405,36954.5,0.525105196931361,1672.63260674476,149,309,1993,23,272.616180419921,156.814514160156,175.312423706054,0.817998142109432,55
331,1,Jun-28-2023,plant1,T01,18323,35543.5,0.515509164826198,1679.68513572216,155,307,2220,29,269.280883789062,146.546844482421,177.336975097656,0.838945429871832,55
332,2,Jun-28-2023,plant2,T01,14290,27910.5,0.511993694129449,1422.04680645465,121,265,1851,28,251.57566833496,125.855346679687,0.123737908899784,0.865870411384891,55
333,3,Jun-28-2023,plant3,T01,6800,8933.5,0.761179828734538,529.972650408744,121,125,952,29,141.362060546875,83.0886840820312,139.114334106445,0.80902650420116,55
334,4,Jun-28-2023,plant4,T01,7490,9665.5,0.774921111168589,478.173660874366,109,144,903,24,127.386108398437,91.9626541137695,0.403177291154861,0.691975914670115,55
335,5,Jun-28-2023,plant5,T01,16471,32836,0.501614082105006,1409.81067049503,142,265,1879,27,256.111389160156,146.398727416992,3.97512435913085,0.820517568101864,55
336,6,Jun-28-2023,plant6,T01,6630,8588,0.772007452258966,485.931020259857,100,122,864,24,126.843803405761,80.9201889038086,26.7967147827148,0.770076581537089,55
337,7,Jun-28-2023,plant7,T01,8474,11641,0.727944334679151,626.499561786651,131,127,972,28,129.549377441406,108.324310302734,65.6772918701171,0.548482036929738,55
338,8,Jun-28-2023,plant8,T01,9550,12677,0.753332807446556,631.085348248481,132,128,982,33,126.951995849609,124.081359863281,173.945968627929,0.211453678820745,55
339,9,Jun-28-2023,plant9,T01,8839,11040,0.800634057971014,577.185853481292,134,129,953,33,143.658386230468,95.1808242797851,45.11421585083,0.749017931698116,55
340,10,Jun-28-2023,plant10,T01,6251,8813.5,0.709252850740341,528.114785790443,135,99,948,23,130.943237304687,86.7269821166992,63.8448677062988,0.749216637161347,55
341,11,Jun-28-2023,plant11,T01,11152,13550,0.823025830258302,736.523947000503,149,146,1149,30,157.669189453125,99.7256774902343,139.821640014648,0.774560798564421,55
342,12,Jun-28-2023,plant12,T01,9961,12875,0.773669902912621,681.81327009201,155,117,1062,31,143.913909912109,108.581893920898,76.873291015625,0.656309240985016,55
343,13,Jun-28-2023,plant13,T01,5576,7276,0.766355140186915,517.587874412536,106,98,763,26,105.037826538085,77.4213714599609,129.715774536132,0.675804562447836,55
344,14,Jun-28-2023,plant14,T01,3801,5081.5,0.748007478106858,361.220343351364,96,72,643,23,92.0505599975586,71.7524795532226,92.0520095825195,0.626414825794945,55
345,15,Jun-28-2023,plant15,T01,8100,10217,0.792796319859058,528.801077485084,123,124,905,29,130.70376586914,92.7626876831054,46.6840095520019,0.704486867474002,55
346,16,Jun-28-2023,plant16,T01,9110,12020,0.757903494176372,593.085348248481,142,120,983,26,129.73974609375,105.048393249511,76.9824829101562,0.586864009231297,55
347,17,Jun-28-2023,plant17,T01,6258,7148,0.875489647453833,417.98989534378,121,95,842,28,117.470191955566,77.5776672363281,66.9627685546875,0.750911364233843,55
348,18,Jun-28-2023,plant18,T01,7437,9536.5,0.779845855397682,537.688379645347,132,107,889,26,123.964492797851,91.7257385253906,67.6571807861328,0.672677739825608,55
349,19,Jun-28-2023,plant19,T01,9995,13504.5,0.740123662482876,931.903338909149,147,123,1187,28,147.200958251953,106.032936096191,60.0568389892578,0.693633853264409,55
350,20,Jun-28-2023,plant20,T01,8824,11469,0.769378324178219,554.759447336196,122,145,1053,28,133.394302368164,103.722839355468,15.6268987655639,0.628801654640359,55
351,21,Jun-28-2023,plant21,T01,10512,15278.5,0.688025656968943,725.168608546257,164,120,1144,27,156.538696289062,113.562362670898,100.714698791503,0.688265676599633,55
352,22,Jun-28-2023,plant22,T01,7774,10831,0.717754593297017,601.972650408744,130,124,875,29,112.479537963867,109.820617675781,82.0773696899414,0.216146903654537,55
353,23,Jun-28-2023,plant23,T01,8021,10361.5,0.774115716836365,504.274166107177,156,101,1042,27,144.447601318359,89.2799987792968,90.7834854125976,0.786116154375922,55
354,24,Jun-28-2023,plant24,T01,6952,9279,0.749218665804504,488.617311954498,122,118,867,27,137.072692871093,89.4518737792968,137.298248291015,0.757713700342688,55
355,25,Jun-28-2023,plant25,T01,8016,10761.5,0.744877572829066,580.700572252273,109,130,985,23,124.446784973144,96.8975448608398,147.12742614746,0.627487865022699,55
356,26,Jun-28-2023,plant26,T01,9691,12062,0.80343226662245,571.913775324821,150,127,994,31,138.369415283203,107.592056274414,73.6530227661132,0.628795045205644,55
357,27,Jun-28-2023,plant27,T01,7323,9292,0.788097287989668,491.788884878158,133,98,886,29,125.318183898925,95.3882904052734,84.3274307250976,0.64855383208064,55
358,28,Jun-28-2023,plant28,T01,7876,10358,0.760378451438501,525.972650408744,115,136,964,27,136.930831909179,92.4918060302734,154.530303955078,0.737393241960562,55
359,29,Jun-28-2023,plant29,T01,7443,9252,0.804474708171206,462.475176572799,104,126,873,22,125.773445129394,95.4675140380859,10.6320695877075,0.651039928702398,55
360,30,Jun-28-2023,plant30,T01,7319,10338,0.707970593925324,529.688379645347,133,126,931,26,140.158660888671,93.6728744506836,47.1556091308593,0.743860833620737,55
361,31,Jun-28-2023,plant31,T01,10749,14326.5,0.750287927965658,663.712764859199,137,147,1067,32,140.62287902832,113.796585083007,142.366989135742,0.587488704680033,55
362,32,Jun-28-2023,plant32,T01,10871,14985.5,0.725434586767208,617.026473164558,143,151,1088,26,155.210296630859,126.885299682617,22.4808082580566,0.575920530044941,55
363,33,Jun-28-2023,plant33,T01,7843,10210,0.76816846229187,574.215291023254,132,114,925,28,121.511917114257,99.6305160522461,86.0613174438476,0.572472635720602,55
364,34,Jun-28-2023,plant34,T01,8143,10719,0.759679074540535,559.730009794235,110,130,951,26,127.745338439941,101.534835815429,157.071380615234,0.606842326885934,55
365,35,Jun-28-2023,plant35,T01,8439,11446.5,0.737255929760188,571.327988862991,133,106,991,27,133.939178466796,100.88230895996,111.660751342773,0.657797393428602,55
366,36,Jun-28-2023,plant36,T01,4806,6699,0.717420510523958,467.303603649139,95,109,743,23,103.682296752929,80.5210037231445,18.3472328186035,0.629978162320243,55
367,37,Jun-28-2023,plant37,T01,8298,10883,0.762473582651842,506.558436870574,104,140,912,27,131.504745483398,96.8273620605468,164.880004882812,0.676651778708909,55
368,38,Jun-28-2023,plant38,T01,5664,7921,0.715061229642721,454.717817187309,121,91,803,23,114.237396240234,91.986946105957,90.6108169555664,0.592967742634352,55
369,39,Jun-28-2023,plant39,T01,5549,7251,0.76527375534409,508.416301488876,96,115,834,26,114.40338897705,75.8105392456054,24.5630207061767,0.748920453698633,55
370,40,Jun-28-2023,plant40,T01,6623,7986.5,0.829274400550929,453.889390110969,95,129,852,26,119.992439270019,83.6199188232421,7.01049995422363,0.717191086180803,55
371,41,Jun-28-2023,plant41,T01,7454,9134,0.816071819575213,505.587874412536,125,118,894,27,128.305526733398,91.0677337646484,51.98482131958,0.704430980355787,55
372,42,Jun-28-2023,plant42,T01,9940,12723.5,0.781231579361024,577.327988862991,136,144,1007,33,144.192794799804,108.447654724121,33.0703201293945,0.659046995939313,55
373,43,Jun-28-2023,plant43,T01,10362,14104.5,0.73465915133468,649.470124244689,132,150,1056,22,153.861022949218,111.950927734375,160.892639160156,0.685990275892218,55
374,44,Jun-28-2023,plant44,T01,5372,7874,0.682245364490729,572.600067019462,118,112,897,22,129.265686035156,71.132698059082,45.2011947631836,0.83497827360418,55
375,45,Jun-28-2023,plant45,T01,7876,9851.5,0.799472161599756,477.445739030838,144,109,871,26,131.710021972656,97.7486038208007,79.8892135620117,0.67023373041093,55
376,46,Jun-28-2023,plant46,T01,8654,12395,0.698184751916095,607.185853481292,158,124,996,24,142.663482666015,105.605690002441,61.302448272705,0.67233907197485,55
377,47,Jun-28-2023,plant47,T01,7339,9743.5,0.753220095448247,528.416301488876,97,138,978,27,135.601837158203,89.6138458251953,8.10543155670166,0.750509098657752,55
378,48,Jun-28-2023,plant48,T01,8254,10989,0.751114751114751,554.901582717895,127,121,890,27,125.221939086914,100.303367614746,132.432647705078,0.598657995495135,55
379,49,Jun-28-2023,plant49,T01,8796,11101,0.792361048554184,527.244728565216,125,145,950,28,145.90412902832,99.7286834716796,151.668975830078,0.729929902451316,55
380,50,Jun-28-2023,plant50,T01,7284,9536.5,0.763802233523829,559.872145175933,130,107,815,32,130.429061889648,89.2393417358398,106.090141296386,0.729296025909701,55
381,51,Jun-28-2023,plant51,T01,7131,9412.5,0.757609561752988,498.274166107177,123,98,921,23,118.605735778808,92.2598800659179,67.8248443603515,0.628424845119869,55
382,52,Jun-28-2023,plant52,T01,10704,13900,0.770071942446043,626.558436870575,168,129,1083,27,148.651062011718,110.973312377929,97.8301086425781,0.665345452929364,55
383,53,Jun-28-2023,plant53,T01,8473,11729.5,0.722366682296773,570.315796256065,148,120,1095,27,142.994659423828,97.640151977539,126.098312377929,0.730583125672328,55
384,54,Jun-28-2023,plant54,T01,7992,11017.5,0.725391422736555,596.600067019462,144,108,1012,24,142.858840942382,95.6129760742187,98.8261032104492,0.743007692101906,55
385,0,Jun-29-2023,plant0,T01,9732,13094,0.74324117916603,651.286358714103,160,116,1099,26,150.833374023437,101.432388305664,79.2756652832031,0.740115530083794,55
386,1,Jun-29-2023,plant1,T01,9886,13746.5,0.719164878332666,635.327988862991,138,156,1096,26,138.984466552734,116.092765808105,150.607849121093,0.54980490941923,55
387,2,Jun-29-2023,plant2,T01,9700,12432,0.78024453024453,544.558436870575,126,132,989,27,135.6005859375,114.142761230468,39.5761604309082,0.539856387733931,55
388,3,Jun-29-2023,plant3,T01,7901,10522.5,0.750867189356141,522.073155641555,126,136,1029,23,146.109573364257,91.0151901245117,141.21109008789,0.782282194812626,55
389,4,Jun-29-2023,plant4,T01,8541,11082,0.770709258256632,519.487369179725,121,149,1002,24,133.874633789062,103.681785583496,11.0890655517578,0.63261157102331,55
390,5,Jun-29-2023,plant5,T01,8303,11157,0.744196468584745,546.700572252273,147,106,990,29,145.006561279296,100.189025878906,75.2378463745117,0.722924022283581,55
391,6,Jun-29-2023,plant6,T01,7293,9803,0.743955931857594,521.386863946914,113,124,869,25,133.045471191406,88.5629425048828,32.0267181396484,0.746255870041676,55
392,7,Jun-29-2023,plant7,T01,9885,13280.5,0.744324385377056,595.771639943122,133,143,1063,29,139.343765258789,110.403182983398,44.9769706726074,0.610121298437402,55
393,8,Jun-29-2023,plant8,T01,10207,13099,0.779219787770058,610.742202401161,139,129,1005,35,130.830413818359,127.870765686035,71.100830078125,0.211500077144418,55
394,9,Jun-29-2023,plant9,T01,9824,12224.5,0.803632050390609,607.185853481292,145,123,1015,30,139.907257080078,105.800552368164,57.5403060913085,0.654318377736531,55
395,10,Jun-29-2023,plant10,T01,7976,10123.5,0.787869807872771,534.457931637764,140,101,937,26,132.879730224609,93.7917709350586,81.7419891357421,0.708371730765721,55
396,11,Jun-29-2023,plant11,T01,12336,15642,0.788645953202915,683.653889775276,162,143,1189,32,162.392868041992,112.22476196289,131.823486328125,0.722788290908232,55
397,12,Jun-29-2023,plant12,T01,11159,14525.5,0.768235172627448,619.730009794235,162,134,1102,27,148.582366943359,118.961372375488,103.282897949218,0.599142244637279,55
398,13,Jun-29-2023,plant13,T01,5977,8039,0.743500435377534,556.315796256065,102,111,823,22,109.174339294433,83.7276306152343,142.809814453125,0.64174658748685,55
399,14,Jun-29-2023,plant14,T01,4173,5754.5,0.725171604831001,379.948265194892,106,76,705,24,100.632667541503,75.4591751098632,95.6471328735351,0.661610470555312,55
400,15,Jun-29-2023,plant15,T01,9216,12076.5,0.763135014283939,619.528999328613,125,138,1005,33,139.203872680664,99.8536911010742,34.2139625549316,0.696744096166877,55
401,16,Jun-29-2023,plant16,T01,10040,13802.5,0.727404455714544,664.440686702728,144,130,1005,29,129.608093261718,118.430236816406,75.3608016967773,0.406262317660341,55
402,17,Jun-29-2023,plant17,T01,7422,8669.5,0.856104734990483,443.16146826744,127,106,879,27,119.963653564453,90.9249725341796,63.3856163024902,0.652326975140371,55
403,18,Jun-29-2023,plant18,T01,8379,11188,0.748927422238112,604.901582717895,145,110,891,26,130.406814575195,99.5829925537109,90.7043762207031,0.645650143816556,55
404,19,Jun-29-2023,plant19,T01,11515,15886,0.724852071005917,722.825462698936,152,137,1197,27,146.349533081054,122.555526733398,68.2932662963867,0.54656514448565,55
405,20,Jun-29-2023,plant20,T01,9491,12501,0.759219262459003,585.972650408744,130,149,1037,25,135.212188720703,108.358917236328,0.508458316326141,0.598130078285503,55
406,21,Jun-29-2023,plant21,T01,12059,17258.5,0.698728162934206,765.653889775276,166,136,1256,27,157.231307983398,124.204330444335,100.901779174804,0.61317569796836,55
407,22,Jun-29-2023,plant22,T01,9385,12675.5,0.740404717762613,657.671134710311,147,126,937,27,131.674835205078,105.265670776367,73.0005874633789,0.600750585257635,55
408,23,Jun-29-2023,plant23,T01,9924,12960,0.76574074074074,576.700572252273,169,113,1105,30,151.487014770507,99.7963333129882,91.589599609375,0.752337269253933,55
409,24,Jun-29-2023,plant24,T01,8479,11573,0.732653590253175,543.730009794235,145,119,991,25,146.993927001953,97.1346969604492,121.079444885253,0.750555381117249,55
410,25,Jun-29-2023,plant25,T01,9385,12526,0.749241577518761,618.114785790443,114,141,1024,26,130.629135131835,108.9595413208,164.402267456054,0.551592659535334,55
411,26,Jun-29-2023,plant26,T01,10818,13987,0.773432473010652,679.168608546257,153,145,1024,34,142.032638549804,117.126579284667,57.0189018249511,0.565649859803923,55
412,27,Jun-29-2023,plant27,T01,8363,10922.5,0.765667200732433,588.073155641555,143,109,924,28,135.523132324218,100.212631225585,96.4311447143554,0.673211066940037,55
413,28,Jun-29-2023,plant28,T01,8844,11863,0.745511253477198,598.600067019462,129,136,930,27,141.506362915039,101.334777832031,144.477966308593,0.697982682779759,55
414,29,Jun-29-2023,plant29,T01,8090,10734,0.753679895658654,529.830515027046,115,132,848,28,135.273529052734,97.6275558471679,19.424596786499,0.692200964370007,55
415,30,Jun-29-2023,plant30,T01,8471,12123.5,0.698725615540066,576.658942103385,140,135,978,23,147.585357666015,103.321113586425,42.9026908874511,0.71406736527941,55
416,31,Jun-29-2023,plant31,T01,12351,16271,0.759080572798229,702.783832550048,136,161,1141,28,148.000030517578,125.333854675292,168.840896606445,0.531831502973346,55
417,32,Jun-29-2023,plant32,T01,12157,17477,0.69559993133833,720.281306385994,156,156,1180,31,153.070816040039,140.289138793945,17.9700050354003,0.400038638928339,55
418,33,Jun-29-2023,plant33,T01,8228,11088,0.742063492063492,591.043718099594,143,115,967,24,127.031326293945,103.1001663208,100.229362487792,0.5841966599722,55
419,34,Jun-29-2023,plant34,T01,9213,12385.5,0.743853699891001,590.215291023254,118,138,922,26,137.37744140625,109.467346191406,177.87922668457,0.60419512385516,55
420,35,Jun-29-2023,plant35,T01,9571,13115,0.729775066717499,622.499561786651,147,117,1032,30,141.460327148437,112.141975402832,85.8405532836914,0.609553337537813,55
421,36,Jun-29-2023,plant36,T01,5853,7657,0.764398589525924,452.333041191101,103,113,784,28,113.544654846191,85.8321533203125,27.6502933502197,0.654648971762636,55
422,37,Jun-29-2023,plant37,T01,9448,12393,0.76236585169047,617.327988862991,114,153,976,25,138.619140625,103.26365661621,0.331832855939865,0.667125717016185,55
423,38,Jun-29-2023,plant38,T01,6531,9217.5,0.708543531326281,556.031525492668,131,100,889,25,124.390495300292,91.0449523925781,104.27439880371,0.681381410606027,55
424,39,Jun-29-2023,plant39,T01,6543,8437,0.77551262297025,567.144223332405,96,127,900,26,124.416152954101,80.3343048095703,12.7252502441406,0.763599383845327,55
425,40,Jun-29-2023,plant40,T01,7658,9468,0.808829742289818,480.717817187309,109,134,910,25,126.117889404296,92.50537109375,13.832646369934,0.679707426758555,55
426,41,Jun-29-2023,plant41,T01,8811,11871.5,0.742197700374847,597.872145175933,132,132,926,27,136.546096801757,100.751953125,45.1084747314453,0.674953389890667,55
427,42,Jun-29-2023,plant42,T01,11193,15072,0.742635350318471,672.825462698936,154,143,1095,34,146.706817626953,120.072685241699,48.2764663696289,0.574572994745985,55
428,43,Jun-29-2023,plant43,T01,11988,16075.5,0.745731081459363,715.938160538673,136,158,1095,28,156.335678100585,124.38963317871,166.296112060546,0.605746946138503,55
429,44,Jun-29-2023,plant44,T01,6190,9080,0.681718061674008,618.884337782859,112,124,988,25,129.819259643554,79.5785140991211,46.2127799987793,0.790087043140758,55
430,45,Jun-29-2023,plant45,T01,8665,11698,0.740724910241066,550.901582717895,156,123,1005,24,137.130905151367,111.153228759765,95.4241638183593,0.585651543800511,55
431,46,Jun-29-2023,plant46,T01,10493,14818.5,0.708101359786753,685.511754393577,164,138,1135,28,149.882614135742,114.823493957519,55.6269989013671,0.64273393273862,55
432,47,Jun-29-2023,plant47,T01,8389,11909,0.704425224620035,615.22748363018,113,146,992,27,139.998977661132,99.5122680664062,3.57377028465271,0.703386990889153,55
433,48,Jun-29-2023,plant48,T01,9507,12760.5,0.745033501822028,601.327988862991,127,137,932,32,133.770751953125,109.663749694824,155.510452270507,0.572666134330311,55
434,49,Jun-29-2023,plant49,T01,10114,12705.5,0.796033213962457,553.286358714103,139,147,967,29,150.830139160156,108.506629943847,139.241546630859,0.694599955380511,55
435,50,Jun-29-2023,plant50,T01,8403,11575.5,0.725929765452896,614.742202401161,134,129,949,25,136.85171508789,99.5155487060546,117.249633789062,0.68644900675123,55
436,51,Jun-29-2023,plant51,T01,8400,10968.5,0.765829420613575,589.872145175933,133,100,1009,24,131.37564086914,97.5537490844726,81.0692749023437,0.669784164943631,55
437,52,Jun-29-2023,plant52,T01,12397,16417.5,0.755108877721943,688.742202401161,176,144,1164,28,154.708801269531,122.752883911132,101.445114135742,0.608642301867133,55
438,53,Jun-29-2023,plant53,T01,10012,14357,0.697360172738037,707.026473164558,153,139,1182,27,146.767745971679,109.704902648925,131.902572631835,0.664292380073984,55
439,54,Jun-29-2023,plant54,T01,8866,12401,0.714942343359406,624.156415939331,158,111,1175,21,150.45246887207,99.3481521606445,107.387809753417,0.750976299538733,55
440,0,Jun-30-2023,plant1,T01,14688,18622.5,0.78872331856625,675.327988862991,158,170,1180,34,157.774322509765,133.917510986328,140.749130249023,0.528727635839561,55
441,1,Jun-30-2023,plant3,T01,11619,15545,0.747442907687359,635.528999328613,136,165,1064,31,152.612518310546,120.589172363281,156.078796386718,0.612893317210669,55
442,2,Jun-30-2023,plant5,T01,13211,17794.5,0.74242041080109,715.310743927955,169,150,1136,31,154.228332519531,136.766052246093,100.804809570312,0.462198592281929,55
443,3,Jun-30-2023,plant7,T01,14052,17758.5,0.791283047554692,676.440686702728,150,173,1223,31,162.819595336914,126.878341674804,31.5125732421875,0.626704251659958,55
444,4,Jun-30-2023,plant9,T01,13828,17766,0.778340650681076,657.470124244689,170,159,1218,27,157.523117065429,137.676834106445,72.2485733032226,0.485907310555655,55
445,5,Jun-30-2023,plant11,T01,16994,19713,0.862070714756759,673.754395008087,182,146,1292,36,178.571563720703,132.660766601562,120.186332702636,0.66940271145461,55
446,6,Jun-30-2023,plant12,T01,12802,16608.5,0.770810127344432,653.470124244689,174,139,1184,32,156.597457885742,120.330291748046,105.943580627441,0.639963701221648,55
447,7,Jun-30-2023,plant13,T01,8788,11066,0.794144225555756,521.629504561424,121,141,1003,25,140.672241210937,98.1912384033203,149.081008911132,0.716083803007366,55
448,8,Jun-30-2023,plant15,T01,12664,16466,0.769099963561277,684.943212866783,133,164,1148,35,156.113891601562,124.735778808593,7.51461172103881,0.601324389786291,55
449,9,Jun-30-2023,plant17,T01,10150,12560,0.80812101910828,550.457931637764,140,135,1046,31,135.502197265625,116.238304138183,45.0909004211425,0.513927951669353,55
450,10,Jun-30-2023,plant19,T01,15984,20277,0.788282290279627,770.139171004295,173,165,1176,29,160.808364868164,143.887863159179,101.035148620605,0.446510340631894,55
451,11,Jun-30-2023,plant21,T01,17341,21738.5,0.797709133564873,749.712764859199,183,171,1114,30,167.125259399414,151.069900512695,89.40966796875,0.427675822422599,55
452,12,Jun-30-2023,plant23,T01,12802,16608.5,0.770810127344432,653.470124244689,174,139,1184,32,156.597457885742,120.330291748046,105.943580627441,0.639963701221648,55
453,13,Jun-30-2023,plant25,T01,12909,15911.5,0.811300003142381,617.286358714103,146,162,1097,33,151.521759033203,130.659286499023,171.115890502929,0.506374473503846,55
454,14,Jun-30-2023,plant27,T01,11468,14782,0.775808415640644,601.931020259857,160,136,1057,28,146.582855224609,119.647682189941,108.936149597167,0.577704356330912,55
455,15,Jun-30-2023,plant29,T01,11892,15576,0.763482280431433,616.600067019462,155,147,1124,29,152.553985595703,125.041999816894,52.1764068603515,0.572854067720847,55
456,16,Jun-30-2023,plant31,T01,15765,19857.5,0.793906584413949,707.269113779068,169,176,1212,28,160.978561401367,141.372314453125,158.679611206054,0.478282849233332,55
457,17,Jun-30-2023,plant33,T01,12315,14615,0.842627437564146,554.499561786651,164,131,1130,28,159.159896850585,116.113212585449,109.068420410156,0.683940147555095,55
458,18,Jun-30-2023,plant35,T01,13789,17692,0.779391815509834,631.185853481292,166,159,1096,35,162.270217895507,132.997985839843,54.8023948669433,0.572924561951452,55
459,19,Jun-30-2023,plant37,T01,13494,17621.5,0.765769088897086,664.742202401161,155,173,1192,30,159.807861328125,133.366760253906,20.7320518493652,0.550940647765927,55
460,20,Jun-30-2023,plant38,T01,14857,19565,0.759366215180168,716.925967931747,172,165,1223,27,168.806533813476,140.842514038085,125.32266998291,0.551245963500106,55
461,21,Jun-30-2023,plant39,T01,9842,12711.5,0.774259528773158,589.629504561424,119,150,1043,26,143.384887695312,108.719459533691,175.89028930664,0.651981197262832,55
462,22,Jun-30-2023,plant41,T01,13195,17648.5,0.747655608125336,658.499561786651,155,157,1108,27,150.311645507812,135.553176879882,24.4305744171142,0.43212398944273,55
463,23,Jun-30-2023,plant43,T01,16153,20320.5,0.794911542530941,733.653889775276,174,169,1206,31,160.143630981445,151.697280883789,72.235595703125,0.320472976535805,55
464,24,Jun-30-2023,plant45,T01,13023,17558.5,0.741692057977617,652.39905655384,175,153,1119,27,156.675247192382,140.874633789062,111.179557800292,0.437639462013512,55
465,25,Jun-30-2023,plant47,T01,13369,17954,0.74462515316921,732.239676237106,156,154,1069,29,146.821975708007,139.276931762695,161.466659545898,0.316444770229765,55
466,26,Jun-30-2023,plant49,T01,14857,19565,0.759366215180168,716.925967931747,172,165,1223,27,168.806533813476,140.842514038085,125.32266998291,0.551245963500106,55
467,27,Jun-30-2023,plant51,T01,12671,15788,0.802571573346845,678.39905655384,162,133,1006,28,151.679611206054,126.188911437988,88.2185897827148,0.554859911351453,55
468,28,Jun-30-2023,plant53,T01,13874,18614,0.74535296013753,741.251868844032,147,167,1103,30,153.688049316406,136.618026733398,171.83609008789,0.458041694126925,55
469,29,Jun-30-2023,plant54,T01,41,32,1.28125,21.899494767189,7,8,38,8,7.28162813186645,5.92350912094116,35.2198638916015,0.581583233891181,55
