date,plant_id,tray_id,LFW_g,LDW_g,LA_mm2,manual_height_cm,area,perimeter,width,length,convex_hull,compactness,R_channel,G_channel,B_channel,H_channel,S_channel,V_channel,height_cm_max,height_cm_mode,e_minoraxis,e_majoraxis,e_eccentricity
23/02/2023,2,1,75.17,3.62,902.27,14.7,23478,712.0975409,198,184,26331,0.891648627,66,67,26,30,170,68,13,11.1,163.4661102,191.8593292,0.523525144
23/02/2023,4,1,137.06,6.1,1569.26,17.6,28765,773.3523741,210,217,32065,0.897084048,68,69,26,30,172,69,16,13.9,186.5385895,205.3021851,0.417656528
23/02/2023,6,1,132.66,6.07,1659.16,16.8,26177,716.5828221,175,220,28917.5,0.905230397,70,72,26,31,175,72,15.4,13.2,168.1837463,206.8351746,0.582083067
23/02/2023,8,1,140.07,6.59,1703.98,18.1,29255.5,796.908723,203,222,32504.5,0.900044609,65,67,23,31,183,67,17.3,14.1,180.6811523,214.9671631,0.541802511
23/02/2023,10,1,134.19,6.01,1566.09,16.9,31855,801.5777698,230,202,34902.5,0.912685338,69,71,28,31,168,72,16.3,11.8,182.9657593,233.7295685,0.622261254
23/02/2023,12,1,107.92,5.01,1244.02,16.3,30074,790.1219261,241,190,32865.5,0.915062908,65,64,24,29,171,66,107.6,16.3,172.0639038,230.3838806,0.664984239
23/02/2023,14,1,160.7,7.13,1839.27,17.6,34080,817.5777698,234,214,37906,0.899066111,70,69,26,29,174,71,16,14.7,203.0089722,226.7934113,0.445810644
23/02/2023,16,1,129.16,5.58,1524.55,17.4,22882.5,646.5411919,185,178,24689.5,0.926810993,70,73,30,32,166,73,13.4,12,168.6898804,178.9324188,0.333479071
23/02/2023,18,1,176.79,7.79,1968.38,18.5,28144,816.8670928,203,215,33052.5,0.851493836,63,66,25,32,174,66,15.8,14.5,185.0867615,209.2416992,0.46642711
23/02/2023,20,1,147.64,6.65,1752.44,17.8,29346.5,774.2224313,238,206,33309.5,0.881024933,66,67,23,31,182,68,16.9,14.4,181.9292908,223.7001495,0.58188232
23/02/2023,22,1,134.12,6.31,1615.69,17.7,33384,845.8376553,253,212,38085,0.876565577,68,70,24,31,178,70,18.7,14.3,186.7333679,247.0475769,0.654733338
23/02/2023,24,1,103.44,5.07,1354.9,17.1,28580,735.3523741,216,189,31055,0.920302689,70,69,26,29,171,70,16.6,15.4,178.2089233,213.2120361,0.548989015
23/02/2023,26,1,99.95,4.91,1286.37,17,22642.5,694.8843378,197,174,25558,0.885926129,68,69,27,30,167,70,12.9,12.1,164.9410706,185.7032623,0.45946293
23/02/2023,28,1,105.17,5,1280.02,16.6,18804.5,606.600067,149,172,20607,0.912529723,63,66,25,32,173,66,11.5,10.3,144.3865051,172.291275,0.545613031
23/02/2023,30,1,100.88,5.01,1219.08,15.6,20372,732.3818116,174,174,23906,0.852171003,63,67,26,33,172,67,13,11.8,164.2987671,168.0948181,0.21131874
23/02/2023,32,1,127.07,5.67,1483.68,16.7,27949.5,841.4772645,235,192,32710,0.854463467,70,72,28,31,168,72,17.2,15.3,172.774353,223.9389496,0.636199791
23/02/2023,34,1,107.53,5.1,1296.62,16.5,29586.5,776.4823169,233,175,32199,0.91886394,63,62,26,29,166,64,108.4,15.7,167.2449036,232.2774658,0.693951156
23/02/2023,36,1,106.28,5.06,1285.68,16.2,24202,696.5828221,193,188,27162,0.891024225,68,67,26,29,172,69,15.2,14.1,171.8288116,189.0154724,0.416637457
23/02/2023,38,1,110.52,5.13,1351.88,17.4,21097.5,651.7960252,179,187,23443.5,0.899929618,62,65,24,32,175,65,12,11.2,160.2479095,175.9881897,0.413375634
23/02/2023,40,1,107.43,5.23,1325.22,16.2,20602.5,651.0264732,176,183,23080,0.892655979,61,64,25,32,171,65,13.2,12.2,160.2193756,175.704361,0.410481137
23/02/2023,42,1,88.11,4.55,1143.01,15.7,22050.5,694.3401815,188,169,23985.5,0.91932626,67,69,25,31,176,69,14.4,13.5,159.0314331,180.4638824,0.472674855
23/02/2023,44,1,136.21,6.17,1551.21,16.9,31465,837.9797907,248,176,35328.5,0.890640701,64,66,22,31,183,66,17.8,14.9,170.752594,248.9199677,0.727626173
23/02/2023,46,1,65.15,3.18,763.37,14.2,19770.5,639.5117544,201,170,21918,0.90202117,69,67,26,29,173,69,12.6,10.4,139.0263062,191.4661102,0.687573872
23/02/2023,48,1,96.16,4.93,1140.32,12.6,23509,731.3523741,189,198,26512.5,0.886713814,64,63,21,29,181,64,10.5,9.3,167.6698761,185.9400177,0.432275172
23/02/2023,50,1,87.82,4.41,1097.72,15.3,19513,634.9259679,171,193,22319.5,0.874257936,62,63,26,31,167,64,11.1,9.9,157.7796173,168.9602966,0.357726017
23/02/2023,52,1,108.08,5.05,1263.14,16.6,21048,681.2102387,178,183,23701,0.888063795,64,65,23,30,180,66,14.2,12.4,154.5690765,186.5505219,0.559894126
23/02/2023,54,1,68.2,3.33,855.58,15.4,19345,690.7249575,189,181,23089.5,0.837826718,69,72,27,32,174,73,13.5,9.8,147.6419067,181.3892822,0.580934158
23/02/2023,2,2,133.8,6.05,1533.68,17,34657,875.7199051,242,212,39707.5,0.872807404,61,63,21,32,186,63,17.4,14.2,198.3986206,241.7089233,0.571192284
23/02/2023,4,2,124.48,5.6,1434.19,17.3,24071,667.754395,189,202,26101,0.922225202,59,61,20,31,185,62,15.3,13.5,160.1432343,198.746521,0.592233728
23/02/2023,6,2,52.92,2.88,764,14.5,17061,646.0975409,162,168,19294,0.884264538,59,64,18,33,195,64,10.1,8.4,143.3049774,158.6717682,0.429317585
23/02/2023,8,2,90.13,4.96,1235.65,16.4,21770.5,700.5411919,187,197,24974.5,0.871709143,57,60,16,32,199,60,14.8,11.1,157.5847778,189.3061523,0.554124998
23/02/2023,10,2,102.17,4.78,1269.21,17.1,28779,775.2102387,223,205,32617.5,0.882317774,55,59,18,33,192,60,16.7,13,171.9957123,227.8889618,0.656030105
23/02/2023,12,2,130.46,5.95,1572.7,17.1,32943,810.5828221,231,189,35751.5,0.921443856,56,59,19,32,186,59,18.5,14.6,185.1263885,234.5516052,0.614036207
23/02/2023,14,2,158.31,7.15,1855.82,18.4,33289.5,807.3940042,240,218,36664.5,0.907949106,65,66,21,30,187,66,18.3,16.8,197.8458252,224.1579285,0.47009089
23/02/2023,16,2,80.86,4.39,1102.24,15.2,18762,594.984843,167,178,20567,0.912238051,64,67,23,32,181,67,11.3,9.7,144.589386,175.230011,0.564927507
23/02/2023,18,2,110.57,5.69,1369.84,15.5,28066.5,859.8792855,203,208,32138,0.873311967,57,61,18,33,195,61,12.1,9.8,185.2445221,199.7990112,0.374679615
23/02/2023,20,2,139,6.37,1648.09,18,28906.5,769.0508584,217,204,31815.5,0.908566579,58,62,20,32,187,62,17.8,15.1,190.4214172,201.8431091,0.331620073
23/02/2023,22,2,127.61,6.19,1513.58,17.1,32027.5,896.908723,243,200,37415.5,0.85599551,48,53,12,33,207,53,18.8,14.8,180.1061249,241.8656311,0.667451079
23/02/2023,24,2,127.5,5.76,1499.42,17.3,28058,716.7838326,234,183,30274.5,0.92678657,62,64,22,31,178,64,16.7,14.8,173.6233673,215.9221649,0.594491842
23/02/2023,26,2,82.4,4.04,1083.8,16.5,17689.5,569.0853482,172,165,19325,0.915368693,64,66,24,31,177,66,13.1,12.5,137.6281891,172.1366272,0.600627768
23/02/2023,28,2,143.88,6.53,1732.2,18.1,25261.5,684.139171,194,202,27484.5,0.919118048,60,63,20,31,186,63,13.5,12.7,176.9893799,188.0276947,0.337587344
23/02/2023,30,2,90.09,4.21,1171.28,16.4,17585,600.2985513,164,150,19607.5,0.896850695,56,60,17,33,197,60,13.5,12.9,142.9748688,164.7918701,0.497247477
23/02/2023,32,2,156.82,7.07,1838.08,18.3,34163,858.2640615,253,212,38788,0.880762091,52,56,14,33,202,56,19,14.8,189.0161896,243.4645081,0.63028931
23/02/2023,34,2,121.68,6.01,1506.79,17.5,28950.5,751.7960252,261,173,31396,0.922107912,53,55,15,32,199,56,18.2,16.1,157.5093231,243.9287567,0.763575506
23/02/2023,36,2,101.91,4.81,1276.67,16,23598,706.7249575,202,174,25887.5,0.911559633,60,62,18,31,193,62,15.4,13.6,153.0406494,202.1361237,0.653279568
23/02/2023,38,2,77.56,4.07,1058.63,15.5,18720,626.4995618,164,155,20761,0.90169067,60,62,20,32,187,62,10,9.1,155.3737946,162.2876434,0.288773101
23/02/2023,40,2,158.65,6.94,1724.83,17.7,25390,750.6660824,194,202,28364.5,0.895133001,59,62,22,32,179,62,14.5,13.1,181.785965,185.9984741,0.211620493
23/02/2023,42,2,118.44,5.48,1459.66,17.3,22570,719.1269784,210,166,26560.5,0.849758099,56,60,18,32,195,60,15.7,14.5,150.1508179,208.7915955,0.694863079
23/02/2023,44,2,131.86,6.04,1478.94,16,30713.5,869.8792855,237,187,34469,0.891047028,52,57,19,34,182,57,20.3,16.3,171.8108215,238.550354,0.693736663
23/02/2023,46,2,68.37,3.53,892.01,13.5,19708.5,666.1980461,185,159,22437,0.878392833,61,64,22,32,180,64,12.7,11.2,144.643158,183.6406097,0.616132465
23/02/2023,48,2,101.73,4.8,1205.07,15,20265.5,654.2569212,178,195,23291,0.870100039,58,59,19,30,188,60,13.2,12,154.4160309,178.7736511,0.503917789
23/02/2023,50,2,113.93,5.65,1398.31,16.1,24204.5,687.9970356,180,208,26658.5,0.907946809,54,56,17,31,193,56,13,12.5,161.2783051,199.6323547,0.589351697
23/02/2023,52,2,59.36,3.01,828.45,14.8,13083.5,630.8254627,152,141,17004.5,0.769413979,55,58,18,32,191,58,11.4,10.5,121.945076,158.8371735,0.640765836
23/02/2023,54,2,81.36,4.22,1040.39,15.9,18782.5,723.4528793,201,157,22711,0.827022148,59,64,22,33,181,64,14.9,12,135.9702301,194.4598999,0.714906668
23/02/2023,2,3,99.42,4.7,1220.28,15.9,25802,729.3523741,206,187,28381.5,0.909113331,62,64,23,31,176,64,14.6,12.6,159.749939,213.7381287,0.664363471
23/02/2023,4,3,108.82,5.24,1325.2,16.5,24292,735.2102387,191,188,27570.5,0.881086669,60,61,21,31,183,62,14.8,13.2,167.9353485,193.7830811,0.498977183
23/02/2023,6,3,119.75,5.67,1417.05,17.5,21492,649.9554055,179,175,23961.5,0.896938839,62,65,23,32,175,65,14,12.5,165.8939056,172.2942657,0.270029112
23/02/2023,8,3,136.97,6.18,1593.72,17.3,26940.5,748.7665876,193,209,29478,0.913918855,60,62,23,32,176,63,16.2,14.9,175.953125,203.6031189,0.503154271
23/02/2023,10,3,144.34,6.71,1704.32,16.8,32136.5,795.7371501,243,207,34861.5,0.921833541,57,61,20,32,183,61,18.1,14.8,180.7045288,233.3022308,0.632511185
23/02/2023,12,3,139.75,6.48,1592.71,17.8,33237,872.9503531,276,182,37681.5,0.882050874,61,62,23,30,172,62,20.2,17.5,165.2120514,268.8323059,0.788874517
23/02/2023,14,3,146.06,6.67,1692.82,17.7,30000.5,739.1097335,220,206,31879.5,0.941059301,64,64,24,30,175,65,17.1,16.1,180.7362976,216.317215,0.549467499
23/02/2023,16,3,119.49,5.71,1458.47,17.7,22621,656.3818116,184,184,24694,0.916052482,61,64,22,32,180,64,13.5,12.5,168.9354095,175.7551727,0.275861593
23/02/2023,18,3,116,5.49,1365.43,17,23044,683.0681033,182,171,25360,0.908675079,61,64,22,32,183,64,14.1,13,168.8581696,180.5429382,0.353909069
23/02/2023,20,3,118.46,5.63,1420.43,17.4,25973,736.8670928,209,188,29703.5,0.87440874,61,64,22,32,182,64,16.6,14.8,179.5311127,201.9512024,0.457940901
23/02/2023,22,3,120.81,5.63,1467.52,17.6,26802.5,865.1929938,229,187,32819,0.816676316,59,62,20,32,184,62,18.8,14.8,162.1128693,229.9820251,0.709313007
23/02/2023,24,3,108.6,5.36,1385.42,17,24664,743.2102387,220,174,28243,0.873278334,64,65,24,30,175,65,17.8,15.8,159.7465515,209.4099121,0.646585641
23/02/2023,26,3,111.97,5.12,1318.93,16,19754,591.1269784,184,156,21157.5,0.933664185,58,60,20,31,184,61,13.5,12.5,148.9382019,172.6212006,0.505539179
23/02/2023,28,3,84.39,4.27,1083.21,16.9,17423.5,589.2274836,171,172,19613,0.88836486,61,63,22,32,179,63,9.9,9.3,151.6489105,156.2648468,0.241258797
23/02/2023,30,3,115.08,5.4,1398.72,17,21644,674.4406867,198,177,24732,0.875141517,61,64,22,32,182,64,14.2,13.2,156.6384125,186.7304993,0.544366487
23/02/2023,32,3,111.65,5.33,1414.99,17,25842,858.4650719,218,187,30818,0.838535921,60,63,23,32,174,63,16.4,15.1,171.6923981,209.9039307,0.575279305
23/02/2023,34,3,157.4,7.13,1814.25,18.2,30845.5,799.5361396,249,185,33746.5,0.91403553,59,60,21,31,178,61,23,16.7,177.4477234,236.3655243,0.660604195
23/02/2023,36,3,137.99,6.21,1613.93,18.8,23819,663.9554055,194,183,25827.5,0.922234053,64,64,25,29,169,65,17.8,16.4,158.7614288,197.7683716,0.596296193
23/02/2023,38,3,112.16,5.29,1397.35,16.5,19731.5,601.0853482,163,171,21455,0.919669075,59,61,22,31,178,61,13.5,12,153.2952271,171.0928345,0.444100663
23/02/2023,40,3,187.64,8.44,2139.88,18.5,29050.5,805.2518688,216,193,33110,0.877393537,56,59,20,32,183,59,15.2,14,189.6926575,205.8296204,0.38814009
23/02/2023,42,3,109.96,5.18,1320.89,16.8,22573.5,696.5411919,212,176,25831,0.873891835,61,64,23,32,179,64,15.2,13.6,161.4843597,195.8652344,0.565910498
23/02/2023,44,3,142.47,6.55,1685.42,18,30057,863.0092282,248,202,36534.5,0.82270183,56,59,21,32,180,59,18.5,16.3,168.5856781,249.770401,0.737851946
23/02/2023,46,3,57.96,3.01,726.46,13,18610.5,745.5950147,194,167,22844.5,0.814659984,64,65,25,31,168,65,11.6,8.9,138.5528259,189.4312439,0.681932774
23/02/2023,48,3,81.46,3.88,1001.79,14.8,17956.5,648.8843378,160,188,21336.5,0.841586015,59,59,20,30,183,60,12.7,11.8,139.370636,176.8525848,0.615597077
23/02/2023,50,3,140.84,6.38,1707.14,16.9,23335,668.4406867,183,194,25817.5,0.903844292,59,59,22,30,175,60,14.3,13.2,163.9922943,191.3350677,0.515158694
23/02/2023,52,3,108.17,5.25,1364.18,16.6,23258.5,656.4823169,199,179,25605,0.908357743,60,60,23,30,174,61,14.5,12.8,160.0815125,194.8614655,0.570187675
23/02/2023,54,3,64.4,3.35,812.24,14.7,17731,721.2102387,190,168,21490,0.825081433,61,65,23,32,176,65,13.8,10.2,128.3386841,192.5314178,0.745428431
07-Jul,1,1,123.17,5.41,1239.55,15.5,30358.5,939.5361396,246,209,35946.5,0.844546757,64,68,30,33,151,68,14.9,12.5,171.2613068,239.5087585,0.699070884
07-Jul,2,1,108.03,4.29,1178.83,16.4,22648.5,773.7371501,185,205,25651.5,0.882930823,66,70,33,34,144,70,11.9,9.7,157.3960266,190.7871094,0.565158273
07-Jul,3,1,110.89,5.47,1247.35,15.3,23069,737.2102387,180,216,26536.5,0.869330922,63,69,34,35,142,69,12.7,11.2,161.1418457,195.9551086,0.568995521
07-Jul,4,1,123.17,6.19,1341.36,15.6,24625,739.8376553,190,216,27874,0.883439765,62,67,31,35,148,67,12.6,11.1,164.47995,203.0608521,0.586425388
07-Jul,5,1,123.49,4.96,1300.6,16.3,31821,824.4650719,246,203,35581,0.894325623,61,66,29,34,154,66,16.6,14.1,174.3293304,242.8752594,0.696277072
07-Jul,6,1,141.58,6.64,1492.44,16.8,31726,845.0092282,234,188,35582.5,0.891618071,56,59,24,32,158,60,18.3,17,170.6791687,249.4519653,0.729278878
07-Jul,7,1,84.04,3.78,886.55,14.6,17642.5,641.2274836,186,168,20831.5,0.846914528,68,72,35,33,143,72,12.5,11,144.3089905,170.1155853,0.529516491
07-Jul,8,1,120.54,5.67,1268.6,16,23148.5,743.3107439,198,180,26624,0.869459886,63,69,35,35,138,69,12.7,11.2,169.3104553,186.5121613,0.419464662
07-Jul,9,1,97.07,4.97,1071.79,15.4,18828,619.1269784,162,181,20562.5,0.915647416,63,70,35,37,139,70,10.8,9.7,144.6741638,171.0332642,0.533368186
07-Jul,10,1,135.18,6.71,1450.53,16.2,28887.5,741.5361396,224,190,31213.5,0.925480962,61,65,28,33,155,65,15,13.5,175.5037537,213.385437,0.568804199
07-Jul,11,1,144.55,6.61,1552.82,15.5,36095,868.1808012,277,199,39053,0.924256779,60,64,24,33,169,64,17.4,15.8,180.6876068,259.578186,0.717962648
07-Jul,12,1,124.53,5.89,1328.49,15.4,27103.5,799.8792855,234,185,31175.5,0.869384613,65,67,29,32,155,68,13.9,13,168.2998352,220.1195068,0.644524189
07-Jul,13,1,134.5,6.21,1324.1,16.1,24254.5,734.2224313,210,178,27511.5,0.881613144,66,69,31,33,152,69,12.9,11.5,170.2718353,191.8955536,0.461163521
07-Jul,14,1,119.07,5.23,1334.82,15.3,21968.5,695.1097335,183,177,24332,0.902864541,62,68,33,36,143,68,10.1,8.3,163.6417084,174.6234131,0.349028603
07-Jul,15,1,116.38,5.96,1236.41,15.5,22325.5,703.2518688,214,178,25713,0.868257302,61,67,31,36,151,67,12.5,11.2,160.9555054,187.910202,0.516055018
07-Jul,16,1,142.13,6.41,1478.7,16.5,31231.5,823.3940042,240,194,35023.5,0.891729839,63,67,26,33,164,67,15.4,14.5,185.0544891,226.9443054,0.57887249
07-Jul,17,1,108.48,5.52,1138.52,14.7,28238.5,813.3107439,225,172,31857,0.886414289,63,65,31,32,144,66,14.1,12.7,168.9400177,227.976181,0.671458228
07-Jul,19,1,140.24,6.73,1461.96,15.6,25556,738.523947,190,202,28078,0.910178788,64,69,32,34,147,69,13.5,11.5,178.2996368,187.7129974,0.312698675
07-Jul,20,1,102.93,5.24,1149.81,14.5,21227.5,661.7127649,184,181,23642,0.89787243,66,72,36,35,139,72,10.6,9.1,165.6647491,168.2057648,0.173161694
07-Jul,21,1,128.89,6.33,1284.9,16.5,27669,766.3818116,203,195,31524,0.877712219,65,70,30,33,159,70,12.9,10.8,184.4313812,204.8046112,0.434807182
07-Jul,22,1,136.72,6.61,1521.47,17,32714,914.523947,292,191,38379.5,0.852382131,63,67,25,33,168,67,16.4,14.7,172.7981262,259.8529053,0.746857254
07-Jul,24,1,121.19,6.02,1371.53,16,26196,707.6955199,211,200,28768.5,0.910579279,70,72,33,31,150,72,14.5,11.7,185.025528,189.1768799,0.208343524
07-Jul,25,1,139.37,5.84,1388.1,16.1,27607.5,766.9675981,197,199,30629.5,0.901336946,66,70,33,33,146,70,13.3,12.2,184.9177856,196.8738556,0.343177957
07-Jul,26,1,124.27,6.55,1333.33,15,25442.5,726.6244522,209,199,28945.5,0.878979461,70,73,32,33,153,73,14,11.4,173.806488,196.8997498,0.469907549
07-Jul,27,1,122.13,6.05,1275.84,15.5,31125,970.0041759,225,215,36692.5,0.848265994,65,69,26,33,166,69,14.2,10.8,190.15065,221.0380554,0.509852146
07-Jul,1,2,119.1,6.25,1024.79,12.6,23004.5,683.5117544,197,178,25773,0.892581384,67,66,36,29,129,69,12.2,9.9,161.8673401,188.3131256,0.511026712
07-Jul,2,2,117.52,5.48,1089.28,12.8,20028,608.4995618,178,166,21893.5,0.914792062,67,67,37,30,127,69,11.5,10.8,152.0975494,171.4883423,0.461910644
07-Jul,3,2,121.26,6.21,1053.23,13.6,20920,620.7249575,172,180,22607.5,0.925356629,65,67,36,32,131,67,10.7,10.2,164.6649323,168.9585266,0.2240055
07-Jul,4,2,114.7,5.53,1067.94,13,20729.5,630.5411919,186,173,22879.5,0.906029415,64,65,34,32,135,66,11.6,10.5,156.0869446,178.2204437,0.482659108
07-Jul,5,2,114.14,5.66,991.88,13.3,25033,711.8376553,200,188,27248.5,0.918692772,66,67,34,31,137,68,13.2,11.2,170.4996338,192.7007446,0.465990546
07-Jul,6,2,85.02,4.52,789.47,11.5,20536,646.984843,206,153,22661.5,0.906206562,74,72,41,29,128,75,10.9,9.5,147.3968201,185.0620422,0.604674805
07-Jul,7,2,119.87,5.93,991.79,12.5,20305.5,636.3401815,190,169,23085,0.879597141,73,70,40,28,127,74,11.5,10.6,152.7093353,182.4683075,0.547342336
07-Jul,8,2,111.06,5.43,1044.59,13,18633.5,563.369619,170,158,19720.5,0.944879694,68,69,40,31,124,70,11.2,9,150.313797,161.5755615,0.366798732
07-Jul,9,2,119.7,5.35,877.44,10.6,20185.5,610.8843378,163,168,21847.5,0.923927223,65,67,39,32,117,67,9.1,8,158.7214813,168.6807098,0.33852303
07-Jul,10,2,108.06,4.94,980.85,13.3,20881.5,627.7127649,183,165,22874,0.912892367,67,68,34,31,140,69,11.4,10.4,154.5892181,177.2011719,0.488803555
07-Jul,11,2,111.94,5.58,960.89,13.8,24779.5,688.8843378,198,167,26919,0.920520822,68,68,34,30,144,70,13.6,10.6,161.4478302,201.2426453,0.596982092
07-Jul,12,2,96.6,5.14,955.47,12.6,20946.5,594.1980461,189,160,22010.5,0.951659435,74,71,39,27,134,75,11,9.8,151.4306641,179.063446,0.533687744
07-Jul,13,2,109.83,5.96,1023.2,13.1,19808.5,589.7716399,180,164,21268.5,0.93135388,73,72,38,29,136,74,10.9,9.8,148.0170898,175.6551819,0.538450533
07-Jul,14,2,80.4,4.3,800.07,12.8,15923,521.3868639,149,156,17032,0.934887271,71,72,40,31,129,73,7.7,6.5,139.6582642,149.5558624,0.357743063
07-Jul,15,2,99.93,5.32,842.99,12.6,19992,623.6122596,174,171,21670,0.922565759,67,69,37,32,131,69,9.5,8.9,157.3853455,168.578598,0.358311292
07-Jul,16,2,115.02,5.74,980.2,12,22518,682.0975409,197,175,25157.5,0.89508099,69,69,34,30,142,71,11.3,10.2,163.0468903,185.595993,0.477734318
07-Jul,17,2,85.16,4.61,755.07,10.7,22016.5,681.9970356,201,168,24926,0.883274492,71,69,36,29,140,72,11.1,8.2,157.1997223,187.0692291,0.542076522
07-Jul,18,2,107.84,5.49,1029.75,14.2,21634.5,648.3401815,201,168,24240,0.892512376,74,72,35,28,147,75,11.8,10,154.6327667,187.1273651,0.563156348
07-Jul,19,2,94.57,5.29,761.97,9.2,19416,587.8721452,163,174,20954,0.926601126,75,73,45,29,112,76,8.2,6.5,153.0236816,166.9470367,0.399805121
07-Jul,20,2,136.49,6.93,1226.84,14.5,21795.5,649.9970356,181,179,24257,0.898524137,66,68,34,31,140,68,12.1,9.3,162.9287109,178.4151459,0.407511672
07-Jul,21,2,109.66,5.84,937.6,11.5,22767.5,668.3990566,197,169,25437,0.895054448,70,70,35,30,142,72,10.4,8.3,161.3872223,189.4681396,0.523882045
07-Jul,22,2,57.92,3.17,604.2,11.2,17231.5,615.7716399,201,144,20044.5,0.859662251,75,75,33,31,154,77,11.6,9.6,132.2013855,178.3800049,0.671370131
07-Jul,23,2,108.72,5.57,936.73,13.7,24076.5,688.8254627,218,175,26597.5,0.905216656,70,67,34,28,144,71,12.6,10.2,162.2339325,197.5829163,0.570794557
07-Jul,24,2,94.28,5.21,864.59,12.5,20060,613.2691138,166,172,21638.5,0.927051321,76,73,39,28,135,76,11.2,10.3,151.4104614,176.3542633,0.512715524
07-Jul,25,2,111.5,5.82,912.26,12.5,22115,619.8132701,164,193,23471,0.942226577,76,74,40,28,130,76,11.1,8.7,157.5454559,184.2087097,0.518207055
07-Jul,26,2,102.85,5.48,951.28,12.4,24206.5,643.9970356,186,195,25827.5,0.937237441,75,73,35,29,148,76,10,7.8,165.6542664,192.5971375,0.51011261
07-Jul,27,2,114.5,6.1,1028.16,13.7,25869.5,685.7960252,221,182,27822.5,0.929805014,71,70,34,29,147,73,14.6,11.3,159.4614868,214.8454132,0.670161849
07-Jul,1,3,109.69,5.98,968.16,12.6,23163,651.2102387,199,187,24509.5,0.945062119,63,64,32,31,141,65,12.3,11.5,158.9976501,193.2449646,0.568363294
07-Jul,2,3,92.52,5.12,906.72,11.9,17754,590.0142806,162,154,19757,0.898618211,65,67,40,32,116,68,10.3,9.1,141.8362885,168.220993,0.537671347
07-Jul,3,3,74.66,4.2,685.55,12.8,13601,517.2447286,156,134,15173.5,0.896365374,62,67,39,36,122,67,10.4,9.5,125.5801773,145.6481476,0.506540623
07-Jul,4,3,99.88,5.4,920.43,11.5,19305,572.9015827,161,173,20597.5,0.937249666,63,65,37,33,124,66,10.6,9.4,151.7722626,165.8976135,0.403782508
07-Jul,5,3,115.34,6.08,1113.52,13.5,24310,673.6122596,209,176,26279.5,0.925055652,59,62,31,33,141,62,13.3,11.3,156.7108154,203.2325745,0.636724918
07-Jul,6,3,107.23,5.25,994.66,13.5,20813.5,638.2569212,199,166,23601,0.881890598,62,62,30,31,146,64,13.1,11.1,145.7514648,192.4998932,0.653240028
07-Jul,7,3,92.16,4.87,784.58,11.3,18179.5,619.369619,181,162,21045,0.863839392,68,68,37,30,129,69,9.2,8.4,147.6584625,165.3876495,0.45044886
07-Jul,8,3,106.36,5.95,968.61,13.2,18311,578.1564159,161,162,19885,0.920844858,63,67,39,34,121,67,10,9.1,152.447052,157.1105957,0.241837319
07-Jul,9,3,104.45,5.7,936.07,13.5,17889.5,576.6589421,157,156,19549.5,0.915087342,63,66,37,34,126,66,10.3,9.4,149.9888458,157.7982788,0.310693891
07-Jul,10,3,94.72,5.17,946.7,13.5,19981,606.6416972,179,161,21599.5,0.92506771,67,70,36,32,137,70,11.1,9.9,154.3884583,170.356369,0.422704425
07-Jul,11,3,106.42,5.52,1001.77,13.4,24745.5,735.0264732,249,162,27969,0.884747399,61,64,30,32,148,64,14.6,12.5,150.5780487,224.9022369,0.742788005
07-Jul,12,3,117,6.35,998.49,14,22636,685.9554055,212,168,25583,0.884806317,68,67,37,29,130,70,11.8,10.7,156.2048187,196.5635376,0.607030534
07-Jul,13,3,112.05,5.68,929.14,13,19592.5,598.600067,155,171,21226.5,0.923020752,65,67,36,32,131,67,10.7,8.4,159.9849854,163.443161,0.204618868
07-Jul,14,3,111.98,5.84,984.84,14.5,15964.5,537.2863587,151,164,17294.5,0.923096938,64,67,39,33,121,67,10.2,8,137.3065338,155.0976715,0.465037944
07-Jul,15,3,108.01,5.55,909.69,12.5,18750.5,594.600067,166,162,20266.5,0.925196753,63,66,35,33,134,66,10.4,8.7,154.111618,159.753891,0.263419183
07-Jul,16,3,113.18,5.77,1010.75,13,21155,610.984843,193,159,22779,0.928706265,64,65,31,32,147,66,11.6,10.6,148.9532013,184.323822,0.589036979
07-Jul,17,3,97.42,5.17,918.2,12,23577,682.2985513,207,180,26050.5,0.905049807,67,67,35,30,135,69,11.5,9.5,166.2263641,187.4955292,0.462610275
07-Jul,18,3,103.38,5.63,925.3,11.9,19514,604.9259679,170,171,21274.5,0.917248349,71,69,41,28,122,72,10.7,9,154.4280548,169.0308228,0.406594242
07-Jul,19,3,61.03,3.73,587.07,10.2,12572,469.1025932,143,125,13673.5,0.919442718,73,74,45,31,116,75,7.6,5.5,118.4591446,138.832077,0.521494144
07-Jul,20,3,110.34,5.5,1051.39,13.8,16970,535.7300098,153,155,18152,0.934883208,67,69,37,32,133,69,10.6,9,144.0877228,154.5228119,0.361250154
07-Jul,21,3,123.48,6.62,1036.3,12.5,22901,627.1269784,184,174,24334.5,0.941091865,63,65,33,31,139,65,12.3,11.8,162.7508698,184.2491302,0.468771232
07-Jul,22,3,97.67,5.28,920.02,13.5,21646,693.8132701,209,157,25080.5,0.863060944,65,67,33,33,144,68,13.5,10.6,149.7784424,200.4868469,0.664741264
07-Jul,23,3,72.4,4.57,714.36,11.3,19852.5,586.6833273,193,165,21288.5,0.932545741,67,67,35,30,135,68,10.4,8,136.0944061,190.875351,0.701162536
07-Jul,24,3,114.34,6.15,1046.18,12,23214.5,689.7127649,184,185,25662,0.904625516,69,68,37,30,131,70,10.9,8.4,164.5006409,185.3940735,0.461187728
07-Jul,25,3,105.94,5.47,906.85,12.7,19111.5,609.0264732,161,181,21200,0.901485849,69,70,40,31,121,71,10.2,8.7,152.321167,169.0927734,0.434204818
07-Jul,26,3,101.97,5.45,940,12.5,19477.5,611.2863587,171,165,21429.5,0.908910614,67,68,35,31,137,69,11.2,8.7,148.8484039,173.821167,0.516427836
07-Jul,27,3,67.58,3.95,669.66,11.3,16796,601.8132701,182,149,19345.5,0.868212246,65,68,34,33,140,68,10,7.2,131.7318115,172.7714081,0.647031781
07-Jul,1,4,114.09,6.27,1300.22,15.7,27620.5,832.7665876,239,182,32033.5,0.86223797,67,68,27,31,163,69,14.9,12.3,166.7730865,222.0050659,0.660059893
07-Jul,2,4,87.33,4.72,1077.01,14,21979.5,761.7127649,192,196,26020,0.844715603,70,73,29,32,159,73,12.8,11.2,161.7381744,185.6493378,0.490923758
07-Jul,3,4,82.87,4.51,987.57,14.5,19061.5,653.6538898,165,188,21328.5,0.893710294,63,70,32,36,149,70,12.3,11.2,151.6468506,170.5791016,0.457884099
07-Jul,4,4,95.19,5.17,1091.23,14.6,21482.5,707.5950147,184,198,24285.5,0.884581335,61,65,26,34,160,65,12.9,11.7,165.5072632,183.2852478,0.429632699
07-Jul,5,4,98.41,5.35,1124.5,16.3,25866,840.4650719,224,204,31148.5,0.830409169,66,69,27,33,163,70,16.5,13.9,164.2106171,219.2180939,0.662486114
07-Jul,6,4,118.9,6.35,1319.43,15.7,31895.5,904.5655771,241,192,36109.5,0.883299409,63,65,23,31,173,65,18,15.1,176.7398071,239.4482422,0.674677351
07-Jul,7,4,115.64,5.86,1334.89,16.3,26648,822.8670928,207,193,29539,0.902129388,67,69,28,32,161,69,14,13.2,171.8069611,202.8693237,0.531776283
07-Jul,8,4,117.79,6.28,1234.65,15.3,20897.5,654.3401815,167,179,23167,0.902037381,64,70,31,35,151,70,11.8,10.4,157.6774292,176.8790894,0.453135037
07-Jul,9,4,123.66,6.44,1395.96,16.1,21232.5,751.5950147,185,181,24338.5,0.872383261,60,66,30,36,152,66,14.2,12.9,164.2973175,174.3911591,0.335277174
07-Jul,10,4,108.28,5.83,1204.82,16,24840.5,767.5950147,197,181,27620,0.899366401,62,66,25,33,169,66,14.3,13.1,172.3957825,193.2896881,0.452225432
07-Jul,11,4,113.68,6.16,1306.08,16.5,31463.5,877.0508584,250,189,35393.5,0.888962663,64,67,25,32,168,67,17.5,16,173.6277313,238.8131104,0.68659046
07-Jul,12,4,114.99,6.19,1274.835,15.9,26465.5,845.8204104,249,180,31994,0.827201975,67,69,26,31,169,69,13.8,12.9,160.7095032,230.1840973,0.715924085
07-Jul,13,4,115.74,6.19,1336.23,16,22386,703.6955199,183,183,25673,0.871966658,63,67,29,33,156,67,11.5,10,168.9081116,176.7677765,0.294871949
07-Jul,14,4,112.04,6.24,1235.87,16.5,19984,631.8132701,176,171,22124.5,0.903252051,64,69,31,34,152,69,12.3,9.8,160.8520355,163.7930298,0.188649681
07-Jul,15,4,91.98,5.02,1100.88,15.5,21072.5,667.369619,179,169,23772.5,0.886423388,60,67,28,35,159,67,11.1,10.1,160.7284393,174.8748932,0.394012014
07-Jul,16,4,120.41,6.48,1170.41,16.2,28985,850.6660824,228,189,32935,0.880066798,62,65,23,32,174,66,13.6,12.7,172.9405212,223.031311,0.631459133
07-Jul,17,4,107.12,5.5,1228.94,15.4,27348,752.8427076,243,173,30665.5,0.891816536,62,64,22,31,174,64,15.7,14.6,161.1662292,229.2904663,0.711297473
07-Jul,18,4,101.09,5.43,2221.997,15,24815,782.3818116,207,185,27877,0.890160347,68,70,27,31,168,71,12.9,11.7,170.0680389,193.3761292,0.475958771
07-Jul,19,4,124.48,6.11,1423.39,15.6,21539.5,651.369619,163,183,23165,0.929829484,66,70,30,33,156,70,12.8,10.8,157.1079559,178.3944397,0.473716446
07-Jul,20,4,136.37,6.77,1407.086,16.5,23842.5,700.3401815,193,181,26444.5,0.901605249,62,66,27,34,163,66,12.8,11.4,168.3037109,186.2451782,0.428234848
07-Jul,21,4,139.82,7.49,1567.49,16.5,28482,842.6072073,218,184,31530.5,0.903315837,63,66,24,33,173,67,15.7,14.5,176.0885468,212.691803,0.560868774
07-Jul,22,4,118.98,6.42,1235.106,16,30956.5,842.4234418,250,190,34958.5,0.885521404,62,65,21,32,180,65,18.6,16.5,172.758194,239.2648926,0.691854056
07-Jul,23,4,106.65,5.96,1309.95,16.1,30082.5,835.1097335,234,212,34366,0.875356457,67,67,28,30,159,69,13.5,12.3,188.0056305,217.2476196,0.501085323
07-Jul,24,4,133.13,7.03,1350.71,16.7,27404,774.523947,218,212,30749,0.891215975,71,71,30,30,159,73,14.6,14.1,181.4671173,201.6522522,0.436093693
07-Jul,25,4,129.27,6.58,1432.61,16.4,25103.5,706.3401815,189,193,27426.5,0.915300895,67,70,26,32,169,70,14.5,12.1,178.6635742,183.5632019,0.22950185
07-Jul,26,4,74.61,4.28,885.877,13.5,20674.5,696.0559107,166,189,23473.5,0.880759154,72,75,32,33,159,75,11.6,9.2,156.2430573,176.5341949,0.465480158
07-Jul,27,4,98.25,5.24,1148.94,16.5,26279,754.523947,222,168,28514.5,0.921601291,72,74,25,32,176,75,16.5,14.4,152.7309265,224.3436584,0.732478622
07-Jul,1,5,102.15,5.96,1280.77,15.3,27583,811.7787802,221,190,31811.5,0.867076372,69,70,29,31,158,71,15.1,12.9,168.8765106,220.6055908,0.643420088
07-Jul,2,5,74.96,4.2,843.285,14.6,17243.5,599.7127649,157,154,19097,0.902942871,69,73,33,34,149,74,12.3,10.2,140.8136444,169.0090637,0.55301372
07-Jul,3,5,143.63,7.88,1596.73,15.5,25572.5,737.9381605,185,198,28693,0.891245251,56,62,28,36,152,62,13.5,12.1,172.6824036,197.6935425,0.486850519
07-Jul,4,5,120.13,6.44,1362.104,16,25090,747.6122596,211,187,28249,0.888173033,60,65,26,34,164,65,14.8,12.5,169.1726227,197.1628113,0.513590964
07-Jul,5,5,111.7,6.19,1329.9,15,30267.5,815.7371501,241,199,34239,0.884006542,63,66,25,33,168,67,15.6,12.5,178.5311279,227.1488037,0.618270329
07-Jul,6,5,110.82,6.13,1168.896,14.5,31835,764.6660824,246,190,33839.5,0.940764491,63,65,24,32,169,65,14.6,12,183.0198822,229.8506927,0.604960455
07-Jul,7,5,127.08,6.87,1423.49,15,26762.5,807.3940042,202,195,30388.5,0.880678546,66,69,30,32,156,70,13.4,12.6,176.7373199,203.5026855,0.495730168
07-Jul,8,5,117.43,6.12,1180.25,15.4,20081,632.6416972,177,182,22625,0.887558011,62,68,31,35,149,68,12.9,11.9,153.9386902,177.1252594,0.49464508
07-Jul,9,5,95.02,5.2,1122.69,15,18845.5,647.7716399,167,177,21627.5,0.871367472,63,69,31,36,151,69,11.1,9.6,149.5170593,169.5439606,0.471477996
07-Jul,10,5,103.52,5.64,1146.417,15.2,26032,765.4945095,208,195,29735.5,0.875451901,64,69,27,34,166,69,13.4,12.3,174.2650757,201.665863,0.503272461
07-Jul,11,5,105.05,5.91,1252.19,15.3,30668.5,945.3940042,251,181,35469,0.864656461,67,71,27,33,169,71,17.4,15.7,166.80336,246.9726715,0.737458936
07-Jul,12,5,91.25,5.08,1010.9,15,23739.5,709.1686085,210,167,26147,0.907924427,71,71,29,31,162,72,13,11.9,157.6505432,204.8885803,0.638712784
07-Jul,13,5,137.81,6.95,1468.55,15.8,23559,738.7249575,207,178,26854.5,0.877283137,64,67,28,33,159,68,14.1,12.3,164.6551666,191.3170624,0.509213452
07-Jul,14,5,125.07,6.32,1492.227,16.1,21066,656.0975409,178,179,23491,0.896768975,59,65,29,35,153,65,11.5,9.9,164.8607635,168.2307587,0.199154912
07-Jul,15,5,122.49,6.54,1438.77,16.3,24700.5,706.3401815,188,181,27008.5,0.914545421,60,66,27,35,160,66,13.5,12.3,173.1016083,188.1996002,0.392442113
07-Jul,16,5,142.72,7.65,1387.209,16.5,34247,876.6072073,277,196,38777.5,0.883166785,61,64,23,33,173,65,15.7,14.8,189.4978027,246.0664825,0.637913351
07-Jul,17,5,135.4,7.08,1480.66,15.9,32787,906.8082178,242,201,36737,0.892478972,63,64,24,31,172,65,16.7,12.9,173.885025,250.7256317,0.720430521
07-Jul,18,5,140.88,7.55,1449.87,15.6,28264.5,804.2813064,236,194,31798,0.888876659,64,66,26,31,165,66,14.5,13.2,171.5979767,219.3752441,0.623012188
07-Jul,19,5,122.36,6.52,1374.95,15.7,22343,674.7249575,188,176,24519,0.911252498,61,65,27,34,159,65,12,10.3,163.669693,178.7621155,0.402152749
07-Jul,20,5,119.4,6.54,1212.951,15.8,22707.5,676.0559107,177,187,24712.5,0.91886697,60,65,29,34,153,65,11.3,10,160.1822815,186.0498505,0.508665365
07-Jul,21,5,120.06,6.44,1365.49,16.6,26766.5,753.1097335,232,188,29279.5,0.914172032,62,66,24,33,175,66,15.5,13.9,170.84729,206.7356415,0.563076724
07-Jul,22,5,127.63,7.31,1340.06,16.7,32801,880.8082178,257,195,36266,0.904455964,64,67,23,32,178,67,18.2,16.9,179.1697388,240.4024811,0.666739634
07-Jul,23,5,117.17,6.41,1316.66,15.2,31109.5,766.8254627,232,204,34340.5,0.905912843,68,68,27,30,166,70,15.2,12,180.2438354,229.6725616,0.619766704
07-Jul,24,5,118.68,6.53,1167.154,15.4,23842,748.3818116,197,189,27137.5,0.878562874,70,70,29,30,159,71,13.8,10.9,164.2945862,192.7497406,0.522935035
07-Jul,25,5,116.44,6.3,1302.95,16.5,23571,725.6955199,175,206,27134.5,0.868672723,68,70,28,32,164,71,15.2,12.1,169.1936798,190.092392,0.455842924
07-Jul,26,5,106.75,5.96,1186.128,14.9,26872,820.3229365,208,205,30741.5,0.874127808,68,70,28,32,164,71,13.7,10.7,176.3878784,203.8987427,0.501641078
07-Jul,27,5,77.14,4.52,977.88,14.5,26203.5,897.7371501,220,196,32469,0.807031322,71,74,27,32,170,75,14.7,11.6,174.5736389,210.9988098,0.561660381
07-Jul,1,6,99.38,5.74,1193.06,15.5,26127,881.7787802,246,187,31929.5,0.818271504,62,67,24,34,169,67,14.3,11.7,159.1431732,227.8213501,0.715567378
07-Jul,2,6,97.28,5.49,1076.018,14.8,21626,699.2102387,170,193,25071,0.862590244,63,68,27,34,162,68,13.8,11,157.7724915,185.0228577,0.522370025
07-Jul,3,6,94.87,5.36,1118.34,15,21607.5,727.7960252,171,199,25313.5,0.853595907,60,67,31,37,148,67,11.1,10.1,159.9774628,184.5730743,0.498754621
07-Jul,4,6,92.59,5.41,1075.26,14.8,19925,641.4701242,177,159,22403.5,0.889369965,60,65,27,35,160,65,13.8,10.9,154.6986237,175.4026184,0.471318603
07-Jul,5,6,94.13,5.43,1131.44,14.5,25816,790.9503531,217,184,29745,0.867910573,62,67,23,34,175,67,13.6,11,167.4881592,209.3160095,0.599774746
07-Jul,6,6,109.56,6.39,1144.855,15.7,29572.5,857.5361396,243,178,32985,0.896543884,63,66,24,32,172,66,16.5,13.6,161.2968597,243.246933,0.748531482
07-Jul,7,6,134.86,7.53,1480.26,15.5,27043.5,774.9675981,235,195,30826,0.87729514,61,65,23,33,173,65,14.8,13.3,174.7290344,210.5227966,0.557797931
07-Jul,8,6,114.82,6.4,1667.401,15.4,19792.5,646.5411919,178,164,22078.5,0.896460357,62,68,30,36,155,68,12.7,11.5,155.340332,169.1446991,0.395682817
07-Jul,9,6,113.16,6.08,1314.17,15.8,19986.5,734.2813064,173,189,23877,0.83706077,58,67,29,37,156,67,12,10.5,157.6124573,172.2612305,0.403540307
07-Jul,10,6,119.54,6.46,1268.605,16.4,23903.5,822.0214208,222,169,28357,0.842948831,60,65,24,35,174,65,14.4,12.8,163.2589722,200.4781342,0.580376858
07-Jul,11,6,107.75,6.38,1316.53,15.6,30699,877.0924885,249,192,35091,0.874839702,63,67,25,33,172,67,18,16,176.5189514,237.5341644,0.669146193
07-Jul,12,6,98.93,5.59,1091.664,14.6,24216.5,829.6538898,223,166,27749,0.872698115,66,69,26,32,169,70,13.3,11.9,156.5577545,207.65271,0.656942894
07-Jul,13,6,133.55,7.4,1449.68,15.7,23770.5,743.0508584,199,182,27069.5,0.878128521,60,65,25,34,168,65,13.1,11.7,173.6789551,182.3786163,0.305166859
07-Jul,14,6,123.79,6.64,1248.789,15.8,19722,634.3574264,174,171,22029,0.895274411,59,66,28,36,156,66,10.8,8.6,160.209198,163.5742493,0.20179399
07-Jul,15,6,134.99,7.14,1466.24,15.7,22802,677.2102387,207,168,25244,0.903264142,55,61,23,36,169,61,13.1,12,163.1213837,186.6666565,0.486169369
07-Jul,16,6,129.43,7.02,1313.891,15.3,28546.5,982.3056916,271,176,33616,0.849193836,61,65,23,33,179,66,15.3,13.8,158.5733643,246.3910065,0.765375299
07-Jul,17,6,95.39,5.55,1157.49,15.9,26906.5,826.5655771,237,170,31033.5,0.867014678,65,67,22,32,181,68,14.7,11.7,158.7028656,232.5820618,0.731023644
07-Jul,18,6,130.79,7.23,1435.841,16,26816,768.9259679,220,191,30111.5,0.890556764,63,66,26,32,164,66,13.1,12.3,182.8249054,196.507309,0.366616792
07-Jul,19,6,96.72,5.77,1143.12,14.5,18063,631.1269784,171,164,20210.5,0.893743351,67,71,32,34,153,71,11.1,9.2,150.8484955,159.5977783,0.326552199
07-Jul,20,6,124.61,7.16,1385.932,16.3,21617,700.2396762,189,172,24245,0.891606517,58,63,27,35,159,64,12.6,11.3,161.5115509,175.7344208,0.394103389
07-Jul,21,6,123.26,6.66,1349.54,16.2,24490,702.7838326,192,183,27425.5,0.892964577,59,64,22,34,178,64,14.1,13,170.7272644,192.022171,0.457709437
07-Jul,22,6,108.81,6.11,1216.712,15,29418,754.0386658,236,184,31639.5,0.929787133,61,63,21,32,182,64,15,11.7,176.726059,219.78685,0.594522044
07-Jul,23,6,106.85,6.13,1286.56,14.5,26911,828.3229365,220,196,30672.5,0.877365718,65,66,23,31,174,67,13.6,11,171.1758728,208.6910095,0.572025307
07-Jul,24,6,80.08,4.74,943.638,14.4,20041.5,720.3401815,185,167,22249.5,0.900761815,75,76,31,31,160,77,12,10.8,146.6538849,180.3493347,0.582032317
07-Jul,25,6,86.84,4.89,1015.74,15.3,18552.5,614.7422024,161,163,20386,0.910060826,68,72,30,33,156,72,12.5,10.5,149.9349213,167.4936981,0.445729829
07-Jul,26,6,109.23,5.37,1218.628,16.3,23276,693.4701242,174,181,25423.5,0.915530906,62,65,24,33,170,66,14.7,13.8,157.3837433,194.4250488,0.587143518
07-Jul,27,6,90.91,5.19,1102.21,15.5,25339.5,799.3107439,240,159,27929,0.907282753,65,69,21,32,186,69,15.3,13.2,152.9106445,220.8347626,0.721493624