LFW_g,LDW_g,LA_mm2,plant_area,plant_convex_hull_area,plant_solidity,plant_perimeter,plant_width,plant_height,plant_longest_path,plant_convex_hull_vertices,plant_ellipse_major_axis,plant_ellipse_minor_axis,plant_ellipse_angle,plant_ellipse_eccentricity,height_cm
14.45,1.05,209.3,9577,13056,0.733532475,642.3574264,161,115,1100,30,151.9101563,100.1685181,78.88293457,0.751798284,6.2
17.64,1.27,258.701,9595,12409,0.773229108,544.215291,126,132,983,28,135.755661,114.0140762,39.30951309,0.542822147,6.3
17.03,1.18,241.3,8488,11092,0.765236206,528.215291,122,149,995,27,133.8710785,103.9431763,12.06201363,0.630188273,6.8
14.05,1,218.47,7329,9826,0.745878282,521.0437181,113,124,899,27,132.7271881,88.93271637,32.50265884,0.742323695,5.2
15.89,1.17,242.23,10014,12979.5,0.771524327,604.2569212,139,128,992,29,130.65065,126.7867279,78.74173737,0.241400635,8.1
9.53,0.73,142.409,7847,10069.5,0.779283976,534.3574264,140,101,936,27,133.7427673,93.12099457,81.37419128,0.717780566,6.2
20.82,1.41,287.15,11008,14561,0.755992034,614.8010775,162,134,1107,27,149.4004364,118.6756973,102.3423843,0.607465071,7.1
7.22,0.5,120.268,4182,5772.5,0.724469467,379.7056246,107,76,707,26,101.1609192,75.55534363,94.87615967,0.664955777,4.2
20.02,1.36,269.43,9944,13822,0.719432788,668.6833273,145,130,1007,31,129.3929596,118.3364105,76.59313202,0.404471478,4.2
15.5,1.09,221.624,8213,11070.5,0.741881577,602.5584369,145,108,929,27,130.4325104,98.52879333,89.89489746,0.655263284,5.1
15.27,1.13,223.66,9442,12465,0.757480947,591.5289993,131,148,1027,28,133.8849792,109.3711548,0.025953421,0.576773875,7
13.06,1,189.707,9123,12528,0.728208812,666.7422024,145,126,935,25,130.5475006,104.6470184,72.37324524,0.597859262,6
13.77,1.03,203.95,8473,11562,0.73283169,541.9726504,145,119,1001,25,147.657074,96.90512085,121.2785721,0.754513099,5.7
22.32,1.5,307.349,10663,13924.5,0.765772559,680.8254627,153,144,1018,33,142.2178497,116.2337112,57.72008896,0.576221731,4.2
17.61,1.2,246.58,8737,11845.5,0.737579672,603.0853482,130,136,918,30,140.8653412,101.3809357,144.1686707,0.694284078,4.2
15.09,1.06,243.101,8391,12056.5,0.695973127,576.3157963,140,135,975,26,147.0075836,103.2386246,43.0410347,0.711913327,5.7
20.41,1.39,290.5,11940,17279.5,0.690992216,712.523947,155,155,1171,27,151.9862518,140.0823212,17.80718231,0.387956742,7.4
17.67,1.23,271.755,8866,12159,0.729171807,566.5584369,114,138,981,23,140.6734924,104.9859924,176.1565704,0.665598848,7.7
10.1,0.66,154.78,5857,7691,0.761539462,449.84776,103,113,817,26,114.7730103,85.9243927,29.34553719,0.662969589,4.2
11.03,0.73,172.122,6513,9229.5,0.70567203,550.9604578,131,100,867,24,124.6787186,90.96248627,103.1915512,0.683900724,3.7
13.4,0.93,192.85,7569,9396,0.805555556,482.9604578,109,134,907,27,125.3763123,92.16550446,13.63631058,0.677946782,4.9
18.85,1.29,266.474,10980,14980.5,0.732952839,671.8965304,153,142,1033,31,146.0235901,118.9274597,47.3403511,0.580247713,6.6
9.66,0.76,145.75,6031,9010,0.66936737,614.2985513,112,124,994,25,129.3961487,79.16493225,46.4653511,0.791010288,5.7
18.3,1.28,272.335,10253,14702,0.69738811,697.754395,164,137,1140,27,147.6864471,114.8220139,57.48929214,0.628918086,6.3
16.61,1.13,245.47,9469,12801.5,0.739678944,603.3279889,127,137,921,30,133.8975525,109.5581131,155.2956085,0.574900372,5.8
15.85,1.11,268.223,8424,11556,0.728971963,610.4995618,134,129,947,25,137.5144196,99.06851959,117.6801453,0.693535166,5
21.94,1.5,333.1,12216,16251.5,0.75168446,694.6416972,175,144,1146,28,153.0970459,122.1991272,100.9158554,0.60241793,6.9
16.16,1.16,238.524,8745,12358,0.707638777,617.8132701,158,111,1172,29,150.4377899,99.1673584,107.8782959,0.751974842,8
16.13,1.28,241.39,8051,9839.5,0.818232634,535.0437181,129,118,913,28,127.555603,95.48614502,132.9628448,0.663039421,6.6
14.94,1.16,240.186,7380,10272.5,0.718422974,596.2985513,108,146,956,24,130.4899445,90.82511902,157.4714966,0.718011193,6.8
13.98,1.11,208.46,7480,9167,0.815970328,460.4751766,101,129,932,28,136.5204468,86.46333313,154.1631775,0.773876819,5.5
18.46,1.47,212.21,9066,12009.5,0.754902369,594.1147858,122,141,947,28,132.1077728,101.9765549,20.06751633,0.635720391,6.4
12.57,0.98,197.72,7110,10217.5,0.695864938,601.830515,135,103,907,30,122.9129791,92.5032959,97.70893097,0.658487384,6.3
13.36,1.04,216.532,7769,11062,0.702314229,628.4163015,136,107,987,20,128.7800293,98.96364594,97.3538208,0.639885287,6.3
14,1.13,216.63,6952,9282.5,0.74893617,489.5878744,114,121,927,27,126.1427155,94.75880432,140.2687073,0.660071085,5.4
16.83,1.31,271.323,8216,10831,0.758563383,594.8427076,118,136,950,24,133.8576965,96.00247955,153.2829437,0.696869393,6.6
14.45,1.12,223.39,7073,8779.5,0.805626744,482.232536,97,130,862,23,123.0718384,86.65261078,7.848488331,0.710119124,4
16.31,1.28,245.971,8460,11286,0.749601276,618.9432129,128,128,967,25,129.9530792,101.9451218,129.3709106,0.620158691,5.6
9.18,0.79,150.43,6218,8341,0.745474164,479.2619735,141,95,885,22,128.1821136,83.0736084,85.9997406,0.76156334,6.2
16.21,1.31,252.227,9947,13049.5,0.762251427,621.7716399,142,134,1010,28,132.0718842,113.4041061,59.41504288,0.512554972,6.1
17.82,1.34,239.38,9117,12543.5,0.726830629,599.7716399,143,123,1040,27,141.1459351,104.2642059,118.5681992,0.674036654,5.4
16.65,1.22,258.909,8171,11331.5,0.721087235,570.8427076,129,130,894,28,134.464035,103.3765106,31.25575256,0.639484285,4.5
18.89,1.35,266.83,8296,10976,0.755830904,558.3574264,108,144,981,30,138.1123962,94.44711304,13.71242809,0.729629746,5.2
15.4,1.12,287.218,7787,9813,0.793539183,501.002088,128,109,926,23,124.182869,93.6244278,123.6007767,0.656961806,6
11.06,0.89,163.84,7471,10020.5,0.745571578,602.0142806,156,103,998,26,144.429245,89.49330139,71.97303009,0.784890721,5.9
21.11,1.6,313.173,11733,14838.5,0.790713347,718.7249575,148,164,1116,27,156.1870422,110.2352371,34.08246613,0.708421213,7.4
20.42,1.53,301.3,10381,14965.5,0.693662089,678.4406867,144,153,997,32,141.2232666,122.1140366,152.3135834,0.502309664,5.9
18.11,1.36,262.984,8734,11881,0.735123306,612.3157963,146,116,918,30,133.3897552,100.9505615,89.48587799,0.653636139,4.3
16.2,1.24,202.77,8850,11007.5,0.803997275,523.2030984,113,142,946,29,130.2455139,102.5031433,2.010250807,0.616953742,5.8
17.39,1.34,263.316,10124,13511,0.749315373,686.6416972,162,136,1092,26,143.2880554,110.7071457,108.1312256,0.634869363,7
14.14,1.21,187.17,8014,12238,0.654845563,638.8427076,134,114,1119,25,132.1012115,107.8663635,126.1973267,0.577284147,6.6
17.58,1.35,250.816,10300,14089,0.73106679,691.2274836,148,123,1058,32,143.0868683,114.709877,76.90055847,0.597753475,6.7
8.67,0.71,148.6,5347,7165,0.746266574,492.9604578,88,128,813,23,124.8246307,72.05143738,16.45923615,0.816587751,5
16.45,1.27,247.031,9012,12221.5,0.737389028,602.4995618,133,122,934,27,128.146286,109.0149689,59.5734787,0.525639849,6
16.73,1.27,262.4,9503,12254,0.775501877,576.3574264,133,128,936,30,135.1851044,108.52388,58.3885994,0.596275512,7.6
13.5,1.11,196.24,8684,11724,0.740702832,529.5289993,118,130,974,30,123.2838898,117.0506973,1.77061677,0.313947535,7.8
14.98,1.15,234.38,9332,12452.5,0.749407749,590.8427076,149,126,1071,29,141.3758545,105.435112,124.2327728,0.666193676,7.8
18.22,1.39,282.702,9299,12584,0.738954228,579.7127649,155,110,1035,31,145.1900635,101.0321732,97.16458893,0.718176019,6
16.69,1.3,252.3,8530,11255.5,0.757851717,526.7594473,122,139,948,29,131.2134094,105.6663513,36.45842361,0.592865537,4.5
16.42,1.27,243.611,8613,10892,0.790763863,545.2447286,130,129,869,29,123.6798096,101.4857788,53.51176071,0.571571142,5.3
18.32,1.33,275.55,9674,12937.5,0.747748792,620.5411919,164,125,1006,28,145.5087128,108.3796768,90.9803009,0.667251038,6.4
19.55,1.46,287.952,21435,36002.5,0.595375321,1242.271202,302,145,2099,28,291.4674683,143.2536469,89.347229,0.870882636,
16.76,1.29,258.91,8523,11248,0.757734708,636.600067,137,113,981,25,131.0577087,95.74759674,82.05197906,0.682831553,6.7
22.93,1.66,328.227,9741,13371,0.72851694,631.9137753,149,128,1028,27,138.9650116,113.8944016,83.47120667,0.572949765,5.9
8.43,0.72,144.08,4962,5998.5,0.827206802,401.4041089,107,84,715,26,103.5505905,74.6712265,82.14124298,0.692821994,3.8
16.95,1.28,245.054,8385,11055.5,0.758446022,575.7716399,146,109,1015,31,140.0490723,97.34463501,71.8956604,0.718937052,5.8
15.71,1.16,234.18,9084,11790.5,0.770450787,673.1269784,145,126,1040,28,149.7911224,90.92461395,61.98155975,0.794694679,6.4
13.21,0.98,215.013,8968,10905,0.822375057,533.3868639,133,109,958,33,136.2849426,95.82023621,60.38981247,0.71110337,6.4
15.35,1.17,231.92,8057,11079,0.7272317,642.6416972,116,138,919,26,129.228714,98.43501282,160.9983521,0.647916207,6.1
14.89,1.18,225.814,7594,9052.5,0.838884286,437.5046141,124,104,896,33,123.5358047,87.76928711,62.74071503,0.703720919,4.2
13.21,0.97,213.39,6834,9180,0.744444444,509.3452338,133,97,911,24,129.0742798,87.21221924,95.77313232,0.737199948,3.9
0.5,0.09,14.421,938,1087,0.862925483,165.6396092,40,37,284,19,39.26280594,33.24297333,129.1674347,0.532104812,1.7
19.28,1.42,299.61,10073,12934.5,0.778769956,549.0437181,172,118,1085,26,159.2326202,105.9311218,87.97216034,0.746611607,7.9
7.2,0.64,117.528,3865,5542,0.69740166,457.2030984,101,88,644,21,90.51222229,71.6342926,86.15610504,0.611256884,5.6
13.03,0.97,207.58,7327,9605.5,0.76279215,484.7178172,98,134,968,25,131.4311523,85.77910614,178.8833771,0.757655839,4.8
13.92,1.08,217.578,6972,8872,0.785843102,500.3746713,132,101,829,32,118.5123825,86.65332031,73.57537079,0.682189681,4.5
19.58,1.47,289.31,8589,11551.5,0.7435398,563.4041089,134,130,933,28,131.6814575,109.915535,66.24333191,0.550693153,6.2
14.01,1.1,228.643,8121,11271.5,0.720489731,567.7300098,140,135,947,32,145.0740204,103.0355682,43.84231186,0.703972163,6.7
11.83,0.96,203.94,7245,10633.5,0.681337283,555.4873692,121,133,835,19,129.6378784,108.5754471,6.536289215,0.546393296,6.6
13.57,1.04,209.483,8017,10368.5,0.773207311,503.4873692,129,124,856,22,126.864296,96.70198822,46.55366135,0.647285717,6
15.78,1.18,244.92,8156,10711,0.761460181,596.0142806,121,136,984,27,132.2263641,94.36229706,36.01308823,0.700510519,5.8
11.74,0.95,194.776,6682,9064.5,0.737161454,558.6589421,102,129,890,24,126.860321,80.80439758,152.0697479,0.770900452,5.9
11.22,0.89,189.39,7326,9440.5,0.776018219,467.9898953,99,134,975,24,138.3816833,89.73730469,166.0934296,0.761234459,6.7
10.97,0.91,169.882,6985,10484.5,0.666221565,582.4995618,124,105,897,22,122.3160553,100.7941818,71.71234131,0.566521399,6.4
19.31,1.5,300.05,11736,15517,0.756331765,747.7371501,164,146,1084,27,157.317688,115.1959305,117.3913498,0.681035564,6.9
11.33,0.91,164.993,7011,9402.5,0.745652752,521.3868639,132,110,944,24,133.2343445,89.51979065,117.7694016,0.740644365,5
17.48,1.31,262.04,8757,12324.5,0.710535924,606.9015827,134,153,994,27,134.5710907,110.0953979,172.6816559,0.575046505,5.4
18.05,1.38,270.727,8758,10561,0.829277531,487.6467495,117,129,922,23,132.2782135,106.1181412,17.74547195,0.597009105,4.9
14.63,1.12,237.78,8603,10955.5,0.785267674,568.8010775,128,119,904,25,122.857605,106.7981644,115.8728104,0.494312784,5.9
8.36,0.67,160.23,6611,9032,0.731953056,488.3746713,125,113,838,22,126.5442352,92.54749298,131.3891754,0.682007697,5.7
18.62,1.43,290.6,10317,12812,0.805260693,598.1564159,148,120,1013,32,147.7344666,107.9649429,111.7621765,0.682587339,6.2
17.64,1.32,274.188,9744,13398.5,0.727245587,618.4995618,144,138,984,34,142.0902405,112.2112045,46.67681122,0.613470177,5.5
16.03,1.32,253.3,8089,11043.5,0.732467062,537.830515,115,143,1011,25,137.3641357,101.6229782,159.5969543,0.672818913,4.1
17.86,1.37,272.946,9181,12310,0.745816409,569.6711347,140,134,972,32,139.8388824,108.4880371,52.09933853,0.630969815,5.1
18.3,1.38,275.06,11664,15597,0.747836122,724.1980461,154,149,1109,26,161.3131866,111.5276794,33.90653992,0.722497431,6.7
16.25,1.26,239.774,9722,13422.5,0.724306202,650.3401815,153,141,1087,28,138.2900391,113.4690475,136.0885925,0.571625035,7.1
19,1.41,302.73,10569,14081.5,0.750559244,633.9137753,144,147,1001,32,145.945816,114.4467926,144.9837952,0.620542058,6.1
8.98,0.73,148.769,5452,7037.5,0.774706927,463.7888849,87,125,815,30,121.0548096,76.32124329,161.9782715,0.776214841,3
15.38,1.15,242.41,7652,10280.5,0.744321774,557.3868639,132,112,887,28,125.3379211,98.77876282,71.79615784,0.615547768,4
20.84,1.49,334.038,12174,15446.5,0.788139708,702.5828221,162,151,1051,31,137.8265076,130.7827454,76.07136536,0.315594972,6.5
14.02,1.12,235.65,8755,10997,0.796126216,570.8427076,129,120,922,30,126.3359375,104.9655151,55.09817123,0.556504686,6.6
15.15,1.18,286.395,9752,13207.5,0.738368351,580.7422024,120,152,1049,22,151.3479156,104.7590714,21.79915428,0.721730798,5.6
19.3,1.43,311.78,10267,13953.5,0.735801053,653.2274836,138,152,1008,25,144.3973999,113.8944168,27.41461945,0.614705512,5.2
20.07,1.53,255.104,9604,12785.5,0.751163427,561.9310203,141,128,952,27,133.445694,113.9569626,122.2120819,0.52034262,3.4
22.82,1.73,349,11598,15557,0.745516488,692.7838326,132,164,1133,29,152.3122101,119.4020691,159.6240845,0.620849567,5.5
17.18,1.34,191.278,10222,14711.5,0.694830575,686.7838326,136,147,1018,31,146.9449463,120.2666855,3.787974596,0.57458169,6.8
14.56,1.17,233.97,9573,12647,0.756938404,592.9432129,133,127,969,27,131.377182,118.5571213,117.5247803,0.430861841,6
16.61,1.29,239.64,10342,14595,0.708598835,787.4112492,132,157,1037,33,148.8205414,113.4879456,24.71369362,0.646890933,6.1
18.57,1.43,293.33,10525,13841,0.760421935,566.3157963,154,142,969,30,149.8420105,116.8504944,53.42860413,0.625998007,5.1
17.36,1.34,212.832,8140,10551.5,0.771454296,516.3157963,107,149,977,27,140.9025421,96.93317413,3.97281599,0.725762994,5.5
11.82,0.98,193.79,7716,9578.5,0.805554106,541.7300098,136,116,847,24,138.5935822,92.9258194,122.1689377,0.741917207,5.3
12.71,1.07,185.181,9638,13005,0.741099577,579.4701242,129,148,969,31,139.2663116,116.2006912,0.930863202,0.551193266,6.1
15.9,1.31,239.54,10076,13077.5,0.770483655,621.8132701,137,131,988,30,133.9785461,115.8016815,57.6173439,0.502925034,6.7
12.56,1.11,210.625,7707,10387,0.741985174,556.3157963,111,133,830,31,118.8813858,103.5417023,173.0504761,0.491342435,5.5
14.35,1.15,216.66,7701,10146.5,0.758980929,551.3868639,139,110,903,24,131.2706146,97.38990784,69.70645142,0.670508531,4.6
14.33,1.17,227.183,8190,11245.5,0.728291317,580.3157963,104,150,968,30,142.8944244,95.47220612,11.12512875,0.744043587,5.5
15.58,1.2,252.15,8978,11520.5,0.779306454,541.4873692,131,134,949,32,136.4617004,106.8062134,139.8893738,0.6224209,6
17.72,1.42,264.708,11782,15850,0.743343849,721.9381605,142,146,1018,33,138.8215332,129.9914551,11.54966259,0.350954294,7.8
18.07,1.43,280.33,11499,16327,0.704293502,737.1686085,157,150,1155,31,155.2834778,119.1812897,133.5162811,0.641039535,5.5
9.03,0.76,157.707,5802,7829.5,0.741043489,453.060963,113,106,790,25,112.2873917,90.86547852,52.93727493,0.587502359,4.1
20.35,1.53,303.08,10175,13425.5,0.757886112,603.1442233,120,147,1049,30,147.0241241,108.6825104,166.5025177,0.673468971,4.1
15.64,1.22,244.253,8761,11570,0.75721694,634.8843378,120,128,946,26,129.1181946,105.8569641,153.983139,0.572584877,4.7
16.7,1.3,267.3,10365,12542.5,0.826390273,574.8010775,134,132,930,29,127.6466751,113.3367996,53.81308365,0.46004684,6.2
20.14,1.56,297.366,11295,15334.5,0.736574391,644.6833273,134,146,1059,26,147.0007782,122.1667099,40.70252228,0.556180301,6.5
10.24,0.86,174.19,6276,8911,0.704298059,523.445739,149,95,990,29,133.248703,78.65710449,71.206604,0.80718177,5.6
17.8,1.34,263.376,8556,11245.5,0.760837668,544.9432129,124,135,935,30,129.2538452,104.1879654,147.2494965,0.59181685,4.1
11.29,0.89,185.32,5670,8464.5,0.669856459,508.8010775,116,109,841,23,115.3823242,94.83258057,119.5848618,0.569633699,3.8
13.19,1.01,207.594,8491,11877.5,0.714881078,596.600067,148,132,1011,25,151.5467987,97.364151,134.6997223,0.766311505,6.2
23.53,1.76,359.16,12826,17933.5,0.715197814,783.6366448,161,162,1072,27,148.8003235,133.7656708,33.57943344,0.438028907,7.7
19.18,1.4,282.496,11129,14259,0.780489515,635.5706295,168,133,1131,30,155.0031586,111.2830887,63.93263626,0.696104184,5.9
15.02,1.14,240.41,9103,11926,0.76329029,574.8427076,155,121,999,30,141.1827087,105.7139359,107.0347595,0.662825435,4.8
8.88,0.75,148.97,5329,7396,0.720524608,452.3330412,106,117,760,26,116.4139481,84.29297638,145.2984772,0.689716312,3.4
13.61,1.03,227.01,8790,12308.5,0.714140635,664.0559107,136,125,964,21,132.4626312,110.1174011,105.8693085,0.555810264,5.3
13.5,1.06,211.984,9021,12283.5,0.734399805,629.5706295,133,128,1006,33,132.7130737,108.6227493,45.62567139,0.574537675,7.1
8.09,0.74,136.88,7061,9189.5,0.768376952,532.4163015,139,97,913,31,134.1683197,86.75702667,100.2105942,0.762805282,6.7
16.84,1.37,263.583,9104,11219.5,0.81144436,503.445739,140,116,957,27,139.4644623,110.3780899,79.20648956,0.611243744,6.6
19.03,1.47,298.94,10670,14053,0.759268484,616.3990566,151,145,1064,30,153.5479736,112.108551,51.32049179,0.683318221,6.3
12.78,1.01,203.787,7627,10132,0.752763522,553.7716399,105,139,959,27,132.7781677,97.93093109,0.021266103,0.675289291,5.2
17.94,1.43,294.06,9942,13486.5,0.737181626,637.7127649,149,146,995,29,155.222229,106.9857864,47.11423111,0.724530549,5.5
21.02,1.65,319.072,12191,15633,0.77982473,662.8427076,148,148,1006,31,138.5223541,134.5042877,132.4136963,0.239106402,8.9
9.6,0.81,167.15,7074,9785.5,0.722906341,570.4579316,136,110,930,22,119.8915253,93.11302185,87.7644577,0.629939879,7.5
18.65,1.46,251.948,11934,15859,0.752506463,655.4112492,134,154,1053,32,144.4298401,125.2627182,175.8988037,0.497801274,6.7
8.06,0.74,137.39,5311,6853,0.774989056,455.2030984,94,107,797,29,109.7730026,72.54907227,33.52135468,0.750473216,4.6
13.78,1.16,221.214,7109,9093,0.781810184,472.8599526,106,133,946,26,125.954567,94.08653259,15.2115097,0.664837676,4
19.33,1.57,301.46,10342,13321.5,0.776339001,616.4579316,139,148,1035,26,133.0790253,115.4413528,168.5088501,0.497498789,6.1
11.58,0.92,185.605,7923,10533.5,0.752171643,611.4284941,140,122,991,28,138.9104462,88.50480652,54.50579071,0.770751633,6.2
15.04,1.23,239.55,8766,12045.5,0.72774065,573.3279889,158,116,1034,23,146.4461212,103.907959,110.1395569,0.704674937,6.3
21.56,1.64,317.225,11442,14255,0.802665731,586.7005723,154,131,1027,29,145.7731934,118.7802429,114.4976273,0.57970122,5.3
14.11,1.2,223.86,7943,10413.5,0.762759879,550.6589421,130,119,932,30,131.2996826,93.00602722,134.0071411,0.70586216,3.8
18.59,1.55,273.554,9426,12062,0.781462444,569.1025932,119,152,993,30,141.5600586,102.9549103,162.2909546,0.686332563,5.5
6.45,0.58,118.17,4955,7418,0.667969803,660.0195248,104,118,797,24,106.5176239,85.15032196,153.1174011,0.600797501,5.2
16.87,1.41,238.354,9783,13643.5,0.717044747,677.9554055,162,110,1099,24,150.2000732,101.6174469,91.6009903,0.736399223,6.7
17.13,1.43,263.47,9693,12359.5,0.784255026,540.2741661,139,130,943,24,136.3936615,112.7345963,57.93540955,0.562880363,5.6
13.45,1.14,209.836,7110,9740,0.729979466,534.6589421,112,131,850,30,128.2694244,94.75411987,159.1168213,0.674021571,4.2
14.5,1.15,233.14,8050,9819.5,0.819797342,499.7300098,114,123,873,27,122.469101,93.71678925,142.9569397,0.643759316,4
21.78,1.78,320.819,10284,14650,0.701979522,664.6416972,143,138,988,29,134.1711578,121.8404846,56.17521286,0.418758933,6.4
21.62,1.64,335.76,11347,15459.5,0.733982341,668.5828221,140,154,1018,24,141.7714691,125.849617,135.9163666,0.460434776,8.3
10.88,0.93,178.89,6879,9634,0.714033631,501.5462443,110,135,876,28,124.164856,94.9010849,179.7877808,0.644842847,6.2
15.11,1.17,236.72,7624,10419.5,0.731704976,583.4873692,109,131,848,26,128.8870544,92.52656555,164.0376282,0.69615785,4.8
20.78,1.57,298.972,10030,12544,0.799585459,534.0315255,131,130,850,29,128.2579498,120.3681259,12.20749378,0.345320769,4.4
20.18,1.59,317.79,9458,12521.5,0.755340814,588.3574264,120,147,1033,24,153.9756012,104.4187622,160.2958679,0.73492227,6.3
19.65,1.56,290.564,9969,13600.5,0.732987758,709.1650232,136,137,994,25,135.3341217,114.3944397,138.1804657,0.534332807,6.3
10.41,0.98,185.14,6007,8259,0.727327764,501.060963,134,99,974,22,134.2109375,78.29652405,60.62835693,0.812196416,6.9
16.72,1.22,250.754,9508,13223,0.71905014,672.6416972,126,141,962,28,133.8715363,112.5318451,7.49512291,0.541662973,6.1
19.09,1.56,306.96,9299,12087.5,0.769307135,560.0315255,152,119,1012,30,141.5917358,106.2822266,71.66159821,0.660729032,5.1
8.79,0.81,152.214,5729,7221,0.793380418,444.5756818,84,118,787,26,113.3928375,74.99739838,174.7207336,0.750038215,5.1
18.71,1.42,302.19,10155,13929.5,0.729028321,650.9432129,155,123,1077,30,149.4092865,111.5920105,71.25917053,0.664949804,6.9
12.54,1.07,197.994,7565,9830,0.769582909,546.3574264,130,104,875,24,128.3496704,90.49003601,104.3114014,0.709180053,6.9
123.17,5.41,1239.55,30261,35768.5,0.846023736,960.8498479,247,209,1842,27,239.3882294,170.007309,121.9139252,0.704026147,14.9
108.03,4.29,1178.83,22553,25473,0.885368822,791.7371501,185,204,1420,33,189.4353485,155.9954529,148.3578339,0.567351184,11.9
110.89,5.47,1247.35,22994,26404,0.870852901,758.6660824,180,216,1486,35,195.1689301,159.9677124,153.9981689,0.572882959,12.7
123.17,6.19,1341.36,24526,27633.5,0.887545913,757.7371501,190,216,1503,38,202.1278687,163.0377045,37.10973358,0.591088437,12.6
123.49,4.96,1300.6,31732,35343,0.897829839,834.2224313,245,202,1665,36,241.5731354,173.2072144,64.59754181,0.697076248,16.6
141.58,6.64,1492.44,31646,35279.5,0.897008178,873.2518688,233,187,1715,29,248.6600494,169.5799713,107.501503,0.731375357,18.3
84.04,3.78,886.55,17573,20644,0.85124007,646.6416972,185,167,1272,32,168.8866577,143.3430786,115.9882736,0.528789308,12.5
120.54,5.67,1268.6,23021,26488,0.869110541,764.6244522,198,181,1411,33,184.9565582,168.3090363,116.289299,0.414625238,12.7
97.07,4.97,1071.79,18759,20391.5,0.919942133,632.5411919,161,181,1284,29,169.9424133,143.4624176,18.99392509,0.536055822,10.8
135.18,6.71,1450.53,28796,31002.5,0.92882832,760.5655771,223,188,1567,32,212.0130615,174.2835846,77.44607544,0.569427246,15
144.55,6.61,1552.82,35981,38843,0.92631877,891.9797907,277,198,1872,33,258.3997192,179.0553741,74.45237732,0.720995728,17.4
124.53,5.89,1328.49,26979,30953.5,0.871597719,816.4650719,232,183,1586,26,219.042984,166.9460144,83.79967499,0.647387556,13.9
134.5,6.21,1324.1,24171,27342.5,0.884008412,743.9797907,209,177,1428,30,190.9334412,169.0722351,87.44772339,0.464632659,12.9
119.07,5.23,1334.82,21889,24188.5,0.904934163,719.7960252,182,177,1274,34,173.6692352,161.8873901,115.3381958,0.362048432,10.1
116.38,5.96,1236.41,22241,25470.5,0.873206258,715.7960252,213,177,1427,32,186.5285797,159.8554535,92.75348663,0.5153123,12.5
142.13,6.41,1478.7,31123,34707,0.896735529,829.9797907,238,192,1691,36,225.8169403,183.7146301,83.77006531,0.581487172,15.4
108.48,5.52,1138.52,28070,31666.5,0.886425718,821.7960252,224,172,1599,35,226.5745087,167.571991,89.70607758,0.673058885,14.1
140.24,6.73,1461.96,25481,27929,0.912349171,763.0092282,190,202,1463,33,186.5554504,177.08461,11.33566189,0.314573532,10.6
102.93,5.24,1149.81,21151,23505,0.899851096,686.7838326,183,180,1275,33,166.4564209,164.6094818,106.5132294,0.148553525,12.9
128.89,6.33,1284.9,27579,31295.5,0.881244907,779.6955199,203,195,1673,31,203.512085,183.3221283,136.5069733,0.434250102,16.4
121.19,6.02,1371.53,26113,28541,0.9149294,714.3818116,210,198,1484,29,187.7992401,183.9292145,78.52258301,0.201964944,14.5
139.37,5.84,1388.1,27521,30501,0.902298285,782.6244522,195,199,1388,35,195.568222,183.7436523,161.0800781,0.3424464,13.3
124.27,6.55,1333.33,25364,28792.5,0.880923852,738.4823169,208,197,1536,32,195.4953003,172.7611389,111.3980789,0.468034991,14
122.13,6.05,1275.84,31033,36483.5,0.850603698,988.2468165,224,215,1694,33,220.142868,188.875412,120.7006226,0.513704077,14.2
119.1,6.25,1024.79,22923,25547.5,0.897269792,691.5117544,196,177,1364,38,187.3959351,160.5950928,106.7651978,0.515345014,12.2
117.52,5.48,1089.28,19958,21749.5,0.91763029,616.4995618,178,165,1255,28,170.4233398,150.9694824,124.8614655,0.463972114,11.5
121.26,6.21,1053.23,20863,22451,0.929268184,629.0681033,171,179,1177,31,168.028595,163.2293549,4.08172369,0.237293695,10.7
114.7,5.53,1067.94,20671,22650,0.912626932,638.2985513,185,173,1339,33,176.983017,155.0170593,72.40202332,0.482516944,11.6
114.14,5.66,991.88,24958,27017.5,0.923771629,721.1097335,199,186,1427,30,191.6758118,169.1669464,58.88244629,0.470184694,13.2
85.02,4.52,789.47,20431,22430,0.910878288,656.984843,205,152,1428,31,183.4666748,146.2575378,99.87250519,0.603730378,10.9
119.87,5.93,991.79,20233,22943,0.881881184,640.9259679,189,168,1309,29,181.3976898,151.7442932,77.44271851,0.547923787,11.5
111.06,5.43,1044.59,18573,19524,0.951290719,569.369619,169,158,1149,36,160.3600159,149.0509338,120.8215866,0.368880269,11.2
119.7,5.35,877.44,20116,21640.5,0.929553384,619.2274836,162,167,1299,34,167.3780975,157.5253296,46.39888763,0.338031869,9.1
108.06,4.94,980.85,20817,22687,0.917573941,645.1269784,181,164,1261,37,175.8210602,153.6315765,88.01465607,0.486294321,11.4
111.94,5.58,960.89,24701,26714.5,0.924628947,702.8843378,198,165,1553,35,199.8319702,160.2234497,70.93742371,0.597604716,13.6
96.6,5.14,955.47,20876,21843.5,0.955707648,601.6122596,188,160,1282,33,177.8926392,150.2605286,93.6080246,0.535287808,11
109.83,5.96,1023.2,19753,21075.5,0.937249413,596.3574264,179,164,1235,26,174.6308289,146.9111938,78.01376343,0.540619502,10.9
80.4,4.3,800.07,15863,16857.5,0.941005487,524.0731556,149,154,1076,34,148.474884,138.5746155,153.1390228,0.359045006,7.7
99.93,5.32,842.99,19920,21471,0.927763029,631.0264732,173,170,1196,37,167.430603,156.1545105,134.153717,0.360776915,9.5
115.02,5.74,980.2,22458,24959,0.899795665,690.6833273,196,175,1224,36,184.3056946,162.0991364,103.449852,0.475876044,11.3
85.16,4.61,755.07,21943,24723.5,0.88753615,690.9259679,201,166,1364,29,185.8499146,155.9410553,70.89366913,0.544023739,11.1
107.84,5.49,1029.75,21556,24100,0.894439834,656.3401815,201,167,1388,30,186.3318024,153.3391418,69.85654449,0.568134135,11.8
94.57,5.29,761.97,19343,20779.5,0.930869366,592.8010775,161,174,1242,31,165.6456299,151.8564301,24.96838188,0.399450366,8.2
136.49,6.93,1226.84,21721,24064.5,0.902615886,659.2691138,180,178,1302,28,177.0410309,161.8810577,130.707077,0.404878974,12.1
109.66,5.84,937.6,22684,25213.5,0.89967676,678.6416972,196,168,1483,34,188.1949463,160.3908081,128.9987793,0.523120308,10.4
57.92,3.17,604.2,17168,19823.5,0.866042828,622.215291,200,143,1393,28,177.5385742,130.9488678,110.1199722,0.675259968,11.6
108.72,5.57,936.73,24001,26393.5,0.909352682,702.4823169,217,175,1487,34,196.4459991,160.9729614,74.57247162,0.573184973,12.6
94.28,5.21,864.59,19985,21519,0.92871416,620.6833273,165,171,1275,30,175.1818695,149.974884,29.62809563,0.516794268,11.2
111.5,5.82,912.26,22048,23262.5,0.94779151,630.0559107,163,193,1331,30,183.0016479,156.4149017,168.146347,0.51909172,11.1
102.85,5.48,951.28,24100,25571.5,0.942455468,647.754395,184,194,1442,36,191.1269989,164.4996033,140.6066132,0.509142587,10
114.5,6.1,1028.16,25804,27602.5,0.934842858,693.8965304,220,182,1511,39,213.8554993,158.127533,115.3571548,0.673252136,14.6
109.69,5.98,968.16,23096,24294,0.950687413,660.9675981,198,185,1382,35,192.2289886,157.6686401,126.0022125,0.572058806,12.3
92.52,5.12,906.72,17693,19587,0.903303211,596.600067,161,153,1203,28,167.1008148,140.4873352,147.7473297,0.541448385,10.3
74.66,4.2,685.55,13554,15017.5,0.902547028,530.4163015,155,134,1056,32,144.3897247,124.4307785,74.52075195,0.507298655,10.4
99.88,5.4,920.43,19254,20362,0.945584913,576.4163015,159,172,1159,38,164.5981598,150.5408478,34.04027176,0.404368436,10.6
115.34,6.08,1113.52,24233,26076.5,0.929304163,679.369619,208,174,1422,30,202.076889,155.4121094,76.01140594,0.63915958,13.3
107.23,5.25,994.66,20722,23400,0.885555556,645.9137753,198,165,1418,30,191.3031006,144.530365,91.17501831,0.655143388,13.1
92.16,4.87,784.58,18114,20870,0.867944418,624.7838326,180,161,1260,27,164.247818,146.4771271,112.4208603,0.452418763,9.2
106.36,5.95,968.61,18252,19689.5,0.926991544,585.1858535,159,160,1101,30,156.0410919,151.0258331,137.7261658,0.251492022,10
104.45,5.7,936.07,17831,19404,0.91893424,584.8010775,157,155,1192,33,156.7855835,148.8735962,40.64771652,0.31365729,10.3
94.72,5.17,946.7,19914,21350,0.932740047,613.3279889,178,159,1217,35,169.2209473,153.0341187,83.91310883,0.42680219,11.1
106.42,5.52,1001.77,24650,27801.5,0.886642807,750.5411919,248,161,1743,32,224.9517517,148.9953461,83.8543396,0.749200238,14.6
117,6.35,998.49,22572,25344,0.890625,696.0975409,212,166,1479,31,195.2909546,154.9943237,73.02418518,0.608363546,11.8
112.05,5.68,929.14,19526,21032.5,0.928372756,599.7716399,155,170,1118,31,162.1485596,158.7166901,2.132276773,0.204650887,10.7
111.98,5.84,984.84,15903,17140,0.927829638,543.8721452,151,162,1143,31,153.9349213,136.4096832,177.7008667,0.463395368,10.2
108.01,5.55,909.69,18695,20065,0.931721904,600.0142806,166,160,1123,31,158.7067719,152.6554565,80.03932953,0.27350319,10.4
113.18,5.77,1010.75,21101,22572.5,0.934810056,619.9137753,192,157,1333,32,183.33992,147.9031982,94.49422455,0.590939696,11.6
97.42,5.17,918.2,23490,25860.5,0.908335106,692.0559107,206,179,1430,32,186.5344543,164.8831482,78.53694916,0.467621796,11.5
103.38,5.63,925.3,19442,21119,0.920592831,613.2691138,170,170,1134,27,168.1481323,153.2201843,56.37269211,0.411916831,10.7
61.03,3.73,587.07,12517,13522.5,0.925642448,473.6883796,141,125,1047,29,137.6388397,117.4126358,79.03276062,0.52183128,7.6
110.34,5.5,1051.39,16920,17985.5,0.940757833,541.7300098,153,153,1149,32,153.4555969,142.9288177,135.8100586,0.363992726,10.6
123.48,6.62,1036.3,22826,24131,0.945920186,630.7838326,183,173,1324,30,183.1361237,161.5931702,117.2900543,0.470562917,12.3
97.67,5.28,920.02,21562,24888,0.866361299,701.4701242,209,156,1447,30,199.3742523,148.4809265,100.0873642,0.667360628,13.5
72.4,4.57,714.36,19790,21090.5,0.938337166,589.6122596,192,165,1385,29,189.6105804,135.060791,60.56229019,0.701868852,10.4
114.34,6.15,1046.18,23132,25438.5,0.909330346,700.5411919,183,185,1438,33,184.4897003,163.0117645,33.81249619,0.468276608,10.9
105.94,5.47,906.85,19043,20977.5,0.907782148,613.6122596,160,180,1221,38,167.871933,151.2925262,168.955368,0.433324918,10.2
101.97,5.45,940,19421,21255,0.91371442,620.3574264,171,164,1233,34,172.6669159,147.6353302,141.4099884,0.518579138,11.2
67.58,3.95,669.66,16718,19178.5,0.871705295,612.6416972,181,149,1288,29,171.7139587,130.7779541,123.3986435,0.648043278,10
114.09,6.27,1300.22,27516,31772.5,0.866031946,853.5950147,239,181,1620,32,220.5265808,165.4209747,111.0692062,0.661303917,14.9
87.33,4.72,1077.01,21904,25993.5,0.842672207,785.8549002,191,195,1424,31,184.4988708,160.6797791,132.5709534,0.491463025,12.8
82.87,4.51,987.57,18984,21165,0.896952516,664.8254627,164,186,1290,28,169.1023712,150.50914,176.293396,0.455867828,12.3
95.19,5.17,1091.23,21408,24070,0.889405899,719.6955199,182,197,1344,37,182.0873413,163.9822998,18.9322319,0.43471213,12.9
98.41,5.35,1124.5,25628,30982,0.827189981,854.2224313,224,203,1683,30,217.8577271,163.015274,56.91281128,0.663400144,16.5
118.9,6.35,1319.43,31752,35801.5,0.886890214,927.293499,241,190,1724,33,238.2256317,175.3430481,105.7564087,0.676940538,18
115.64,5.86,1334.89,26562,29291,0.90683145,847.3107439,206,191,1403,31,201.1573029,170.7963715,126.0047073,0.528282431,14
117.79,6.28,1234.65,20827,22971.5,0.906645191,661.2691138,167,178,1395,31,175.6745911,156.4375,146.3055878,0.4549913,11.8
123.66,6.44,1395.96,21131,24221,0.872424755,779.1097335,184,181,1360,27,173.4901886,163.3347168,67.41422272,0.337114344,14.2
108.28,5.83,1204.82,24765,27391,0.904129093,783.0092282,197,180,1485,40,191.5716095,171.0133972,80.98939514,0.450678091,14.3
113.68,6.16,1306.08,31339,35103,0.892772697,901.5361396,249,188,1733,32,237.3779907,172.4473419,81.2909317,0.687201062,17.5
114.99,6.19,1274.835,26352,31777,0.829279038,868.063051,248,178,1688,30,228.8798676,159.4080505,87.99273682,0.717585532,13.8
115.74,6.19,1336.23,22316,25580.5,0.872383261,720.8670928,183,183,1432,28,175.6850433,167.8138428,44.83600998,0.295970459,11.5
112.04,6.24,1235.87,19913,22006,0.904889576,649.9554055,176,171,1227,27,162.9576721,159.698761,48.40572357,0.198990165,12.3
91.98,5.02,1100.88,20996,23587,0.890151355,681.7127649,178,169,1460,33,173.3126831,159.7902832,127.1610794,0.387244976,11.1
120.41,6.48,1170.41,28889,32755,0.881972218,869.9797907,227,188,1625,32,221.6705322,171.7402954,96.9990387,0.632261887,13.6
107.12,5.5,1228.94,27281,30405,0.897253741,764.2569212,242,173,1690,29,228.2367249,159.6371918,77.87158966,0.714694337,15.7
101.09,5.43,2221.997,24718,27676.5,0.893104258,799.6955199,206,184,1471,31,191.6951599,168.9854736,56.51978302,0.472123732,12.9
124.48,6.11,1423.39,21462,23016.5,0.932461495,666.7838326,162,183,1414,39,177.3663788,155.9006653,23.54382133,0.476867308,12.8
136.37,6.77,1407.086,23738,26329.5,0.90157428,719.8549002,193,180,1342,26,184.883606,166.995224,127.3671341,0.429124881,12.8
139.82,7.49,1567.49,28383,31261,0.907936406,858.0214208,217,184,1592,38,211.5717621,174.7427826,112.1553726,0.563777409,15.7
118.98,6.42,1235.106,30881,34737,0.888994444,878.2224313,250,191,1831,33,236.6294861,171.9152222,107.9087296,0.687149037,18.6
106.65,5.96,1309.95,29984,34111.5,0.878999751,850.1808012,232,211,1586,33,215.6478882,186.9663086,60.74662781,0.498311449,13.5
133.13,7.03,1350.71,27327,30635.5,0.892004374,795.5950147,219,212,1508,31,200.5945435,180.322937,39.51123047,0.43806688,14.6
129.27,6.58,1432.61,25013,27232,0.918514982,722.6833273,188,192,1357,35,182.2740173,177.256897,127.7973862,0.233007883,14.5
74.61,4.28,885.877,20609,23330.5,0.883350121,713.8132701,165,188,1295,32,175.39711,154.8183594,160.6759796,0.469986925,11.6
98.25,5.24,1148.94,26118,28305,0.922734499,769.6955199,222,168,1551,34,223.3508148,151.5003662,107.0551605,0.734778843,16.5
102.15,5.96,1280.77,27458,31570.5,0.869735988,821.8792855,220,189,1530,32,219.7476501,167.7762146,120.7167816,0.645813833,15.1
74.96,4.2,843.285,17169,18920.5,0.907428451,612.5411919,157,154,1274,30,167.5468903,139.7869568,129.6576385,0.55128736,12.3
143.63,7.88,1596.73,25491,28537,0.89326138,754.0386658,184,198,1435,27,196.6633453,171.5838013,14.07585144,0.488659213,13.5
120.13,6.44,1362.104,25006,28056,0.891288851,769.8549002,210,186,1440,30,196.0204315,167.8838196,60.64344025,0.516212033,14.8
111.7,6.19,1329.9,30174,34008,0.887261821,834.908723,240,197,1718,32,225.6364441,177.42276,72.05491638,0.617817682,15.6
110.82,6.13,1168.896,31749,33574,0.945642461,779.2518688,245,190,1712,34,228.8306427,181.5706482,82.94483948,0.608607097,14.6
127.08,6.87,1423.49,26659,30289.5,0.880139983,826.8082178,202,194,1611,29,202.3812408,175.3547058,124.6148987,0.499251167,13.4
117.43,6.12,1180.25,20002,22465.5,0.89034297,648.4995618,176,182,1273,34,175.8604736,152.7021484,137.5764465,0.496014547,12.9
95.02,5.2,1122.69,18782,21529.5,0.872384403,665.9137753,167,176,1219,29,168.5031891,148.310791,31.11117744,0.474665857,11.1
103.52,5.64,1146.417,25942,29589,0.876744736,782.5655771,208,195,1529,31,200.5169525,172.896637,62.62372971,0.506475314,13.4
105.05,5.91,1252.19,30520,35108,0.869317534,982.7077125,250,179,1719,29,245.1331635,165.3207092,88.44122314,0.738355377,17.4
91.25,5.08,1010.9,23654,25904.5,0.913123203,723.754395,209,166,1492,32,203.4663544,156.3517761,94.85068512,0.639921308,13
137.81,6.95,1468.55,23466,26711.5,0.878498025,758.6244522,208,177,1411,29,189.8296356,163.6104279,80.32762146,0.50711173,14.1
125.07,6.32,1492.227,20980,23355,0.898308713,671.8549002,178,178,1300,25,167.2912445,163.5425415,144.6334839,0.210509758,11.5
122.49,6.54,1438.77,24610,26832.5,0.917171341,725.6122596,188,180,1451,31,186.7422485,171.8853607,61.75754547,0.390879774,13.5
142.72,7.65,1387.209,34035,38395.5,0.886432004,888.0214208,276,195,1889,36,244.3704376,188.3200684,86.62425995,0.637278483,15.7
135.4,7.08,1480.66,32691,36464.5,0.896515789,916.4650719,241,199,1643,31,249.7155151,172.6582184,62.82413101,0.722453351,16.7
140.88,7.55,1449.87,28173,31596,0.891663502,825.9381605,236,193,1694,30,218.38591,170.112854,60.92406845,0.627079499,14.5
122.36,6.52,1374.95,22261,24333,0.914848149,690.139171,187,175,1334,30,177.5809784,162.3554077,106.1272583,0.405125119,12
119.4,6.54,1212.951,22619,24652.5,0.917513437,695.9554055,177,187,1298,35,185.1742249,158.6752014,148.6457062,0.51548799,11.3
120.06,6.44,1365.49,26681,29147.5,0.915378677,769.6955199,232,188,1575,30,206.1071777,169.5232391,100.6240997,0.56876451,15.5
127.63,7.31,1340.06,32712,35937.5,0.910246957,896.3229365,257,194,1798,36,238.8457642,178.1191559,95.82132721,0.666226232,18.2
117.17,6.41,1316.66,31010,34086,0.909757672,790.7249575,231,202,1610,34,228.8782196,178.5205688,63.31362534,0.625803706,15.2
118.68,6.53,1167.154,23745,26934,0.881599465,760.139171,196,188,1475,33,191.4956818,163.1922455,52.56946564,0.523219355,13.8
116.44,6.3,1302.95,23488,26991.5,0.870199878,742.3818116,175,205,1358,31,188.9573212,168.1686859,167.0867462,0.455994921,15.2
106.75,5.96,1186.128,26789,30530.5,0.877450418,840.908723,207,204,1502,32,202.7329102,175.332016,134.3434296,0.502043452,13.7
77.14,4.52,977.88,26086,32242.5,0.80905637,909.9797907,220,196,1643,32,209.4543152,173.4098511,124.7007904,0.560857246,14.7
99.38,5.74,1193.06,26024,31741.5,0.819873037,902.9503531,245,186,1769,33,226.3854523,157.8030853,111.9646072,0.717017774,14.3
97.28,5.49,1076.018,21554,24903.5,0.865500833,713.4528793,170,193,1305,31,183.9968567,156.467453,156.6295013,0.526167228,13.8
94.87,5.36,1118.34,21522,25146.5,0.855864633,739.6538898,171,198,1390,32,183.365448,159.0717621,177.4240723,0.497415916,11.1
92.59,5.41,1075.26,19846,22198,0.894044509,647.369619,175,158,1336,33,174.3314362,153.4762878,73.65986633,0.47428624,13.8
94.13,5.43,1131.44,25714,29507,0.871454231,807.5361396,216,184,1595,40,207.3673553,166.4297638,64.64990997,0.596538847,13.6
109.56,6.39,1144.855,29451,32722,0.900036673,892.9919833,242,176,1810,29,242.379776,160.0803833,102.2481613,0.750867631,16.5
134.86,7.53,1480.26,26962,30660.5,0.879372483,790.139171,234,194,1664,28,209.3124237,173.4269104,106.2104568,0.559907292,14.8
114.82,6.4,1667.401,19720,21986,0.896934413,664.7838326,178,164,1262,30,167.6343994,154.1060638,112.0525818,0.393560843,12.7
113.16,6.08,1314.17,19883,23726,0.838025794,776.7665876,173,188,1271,28,170.0169373,157.0289917,29.09049416,0.383338479,12
119.54,6.46,1268.605,23801,28149,0.845536254,844.1635562,221,168,1505,32,199.2326202,161.8922882,79.64925385,0.582850755,14.4
107.75,6.38,1316.53,30580,34851,0.877449714,896.1219261,248,190,1734,28,235.9617004,175.1299896,78.01618958,0.670182136,18
98.93,5.59,1091.664,24103,27536.5,0.875310951,846.7249575,223,166,1544,32,206.8922882,154.9938202,93.32047272,0.662397863,13.3
133.55,7.4,1449.68,23689,26893,0.880861191,775.7787802,197,182,1374,32,180.9188232,172.361496,55.64829636,0.303910034,13.1
123.79,6.64,1248.789,19660,21982,0.894368119,652.0142806,174,170,1180,25,162.5530853,159.3717041,59.57332611,0.196874673,10.8
134.99,7.14,1466.24,22738,25142.5,0.904365119,690.3818116,206,168,1403,28,185.6535187,162.1535339,86.78671265,0.486967298,13.1
129.43,7.02,1313.891,28094,32392,0.867312917,908.3229365,253,176,1644,34,232.2118073,159.7620544,86.149086,0.725709335,15.3
95.39,5.55,1157.49,26809,30775.5,0.87111501,844.4650719,236,169,1696,33,231.1518097,157.4949799,78.65170288,0.731959001,14.7
130.79,7.23,1435.841,26700,29906.5,0.892782505,787.369619,219,189,1543,31,195.0282593,181.6931305,60.7436142,0.36342199,13.1
96.72,5.77,1143.12,17988,20098,0.895014429,651.9554055,171,163,1169,30,158.4599152,149.3521576,72.61940765,0.334140514,11.1
124.61,7.16,1385.932,21553,24108.5,0.894000041,721.8965304,189,171,1350,28,174.4932098,160.155304,113.1248093,0.396971,12.6
123.26,6.66,1349.54,24419,27405.5,0.891025524,719.7127649,194,183,1390,25,191.5248108,169.5258942,110.8551865,0.465328555,14.1
108.81,6.11,1216.712,29339,31364,0.935435531,764.3818116,235,183,1520,31,218.3597412,175.6448059,95.8385849,0.59411145,15
106.85,6.13,1286.56,26798,30434.5,0.88051389,849.1513636,220,194,1476,32,207.5194397,169.8018036,61.69428253,0.574869246,13.6
80.08,4.74,943.638,19963,22078,0.904203279,740.3401815,184,167,1374,35,178.7199554,145.4466705,49.96741867,0.581110794,12
86.84,4.89,1015.74,18482,20252,0.912601225,623.2274836,161,163,1204,30,166.4017792,148.9578705,120.4604797,0.445725006,12.5
109.23,5.37,1218.628,23198,25257,0.918478046,713.8132701,173,180,1516,26,193.303299,156.1604309,136.3930817,0.58938558,14.7
90.91,5.19,1102.21,25211,27599,0.913475126,810.2396762,239,157,1710,30,219.6568909,151.3859863,108.3836975,0.724577837,15.3
1.3,0.078,31.95,1211,1456,0.831730769,189.92388,49,42,346,16,45.68449402,40.96598816,92.87850952,0.442607656,5.8
2.1,0.148,44.1,1412,1556.5,0.907163508,181.3380935,56,41,370,20,53.36806488,37.48467255,96.2554245,0.711801969,5.5
3.36,0.196,67.61,1303,1766.5,0.737616756,247.8650049,49,54,333,19,46.35681915,43.05917358,2.102175951,0.370421308,8.9
3.07,0.184,66.98,1601,1787,0.895914941,203.4802289,44,59,395,21,55.63336945,38.54852295,15.1278019,0.72103091,7.5
3.17,0.187,68.74,1919,2372,0.809021922,263.4213538,62,58,454,19,60.01288223,48.87501144,55.77479172,0.580291756,7.1
1.82,0.115,40.97,1156,2053.5,0.56294132,272.4507914,76,43,493,17,69.24002075,38.60979843,94.70281219,0.830094614,5.8
3.12,0.181,70.73,1731,2174,0.796228151,365.0533332,68,51,470,19,59.88062286,42.11994934,112.0789185,0.710795567,7.3
1.38,0.085,34.26,893,1052,0.848859316,155.2964634,41,39,277,14,39.0437355,31.40171242,53.66975021,0.594263803,4.5
2.03,0.119,45.79,868,936,0.927350427,139.2964634,36,38,261,15,39.07646942,29.57555771,148.1721954,0.653572854,5.9
2.15,0.126,49.27,1080,1283.5,0.841449162,177.3380935,49,36,335,13,46.09396744,33.52409744,78.69020844,0.686320721,6.4
3.54,0.207,75.11,2386,3118.5,0.765111432,296.1492757,79,55,564,20,75.75930023,49.74249649,79.74810028,0.754251161,7.4
2.02,0.138,46.01,2068,2562,0.807181889,242.4507914,69,55,496,21,71.90272522,45.86626816,120.0097351,0.770124738,5
1.19,0.093,31.23,1276,1399,0.912080057,160.7106769,49,43,393,17,51.31512451,32.69882584,128.1717377,0.770685139,3.2
3.66,0.209,75.89,2102,2395,0.877661795,230.0660154,62,58,414,23,57.53596115,54.69136429,98.29727173,0.310541965,6.3
1.47,0.11,35.17,1585,1694.5,0.935379168,171.0954529,49,46,354,20,50.70959854,41.33076096,123.9804993,0.579393326,3.8
2.46,0.149,55.31,1447,1877.5,0.770705726,249.6223643,56,46,389,23,54.49996948,40.56376648,71.92098999,0.667856892,6.3
1.79,0.112,44.05,1726,2079.5,0.830007213,246.7939372,72,47,512,15,75.60460663,33.130867,68.57208252,0.898871514,7.3
2.23,0.138,49.23,1990,2249,0.884837706,221.2375883,75,42,512,24,74.53446198,36.48376465,100.6109543,0.872009732,6.8
2.54,0.151,54.29,1718,1817,0.945514584,184.4091612,54,51,374,22,54.13064957,41.18040466,131.0363464,0.649033911,7.1
3.7,0.208,74.91,1562,1701.5,0.918013517,196.9949477,46,56,372,21,54.422966,38.040802,20.21056747,0.715136956,6.9
3,0.175,63.31,1301,1627,0.799631223,204.9949477,51,45,403,19,54.54773331,38.52146912,60.73186493,0.708014964,7.1
2.14,0.125,47.36,1743,2112.5,0.825088757,239.0365778,63,50,415,22,56.59685135,45.15671921,83.61655426,0.602834472,6.2
3.3,0.198,69.12,2788,3235.5,0.86169062,280.8355674,80,53,591,21,75.63464355,51.42157745,98.74629211,0.733334465,7
2.29,0.142,51.52,1622,1771.5,0.915608242,179.92388,57,46,404,18,55.39922714,40.4895668,103.5680542,0.68251798,6.2
2.44,0.144,55.33,1638,1802.5,0.908737864,214.8944424,56,46,380,21,52.19179916,40.12698364,89.05480957,0.639444873,6.6
3.23,0.186,67.89,1550,1698.5,0.912569915,177.7817446,50,48,396,23,56.79270172,38.2596817,40.21483612,0.739030009,6.5
2.64,0.161,59.4,1665,2375,0.701052632,323.7056246,69,56,479,15,60.0982666,43.23207474,61.26366425,0.694641146,6.8
3.46,0.203,72.98,2769,3580,0.773463687,316.1909058,81,65,538,24,76.88267517,62.73085785,68.37736511,0.578151131,7.2
2.91,0.17,61.77,2129,2415.5,0.881391016,247.521859,66,52,470,22,65.81518555,46.67765045,106.831398,0.704984101,7.1
3.34,0.195,71.62,1846,2061,0.895681708,222.1665206,60,50,418,22,53.50837708,50.2327919,120.1585922,0.344507149,7.1
2.51,0.153,55.55,1368,1506.5,0.908065051,178.0243852,45,50,356,17,50.94471741,37.39498138,34.79469299,0.679116397,6.8
2.58,0.156,57.08,1375,1649,0.83383869,213.7228695,53,48,351,23,52.67352295,36.18461609,60.86363602,0.726695002,6.2
3.69,0.219,76.15,2455,3470,0.707492795,334.5340517,84,63,580,17,74.96151733,56.56755066,70.70339966,0.656160677,7.7
10.95,0.7468,186.02,6770,8036.5,0.84240652,460.7178172,118,81,884,25,112.3816376,83.54947662,95.33008575,0.668797968,9.3
9.7,0.7009,170.76,4998,5721.5,0.873547147,353.0193329,98,87,713,24,90.41399384,76.42453766,64.14143372,0.534334163,9.7
9.2,0.6546,166.3,4288,4868,0.88085456,326.8355674,91,80,640,22,78.89776611,72.79029083,89.62052917,0.385781899,9.2
15.06,0.9418,242.22,5554,6336.5,0.876509114,364.6345569,100,93,692,27,91.31208801,82.19587708,119.5646057,0.435550601,9.8
12.86,0.8325,219.22,4946,6063,0.815767772,387.8893901,88,98,624,24,93.10951996,84.2128067,161.9307709,0.426581895,9.9
15.27,0.9221,243.37,6752,8477,0.796508199,537.2863587,122,93,831,20,112.4925995,83.69571686,101.5942993,0.668167512,10.4
11.26,0.6881,191.28,5259,6161.5,0.853525927,350.7350621,110,85,783,23,100.3187943,74.57369232,83.36460114,0.66888365,9.5
15.29,0.9474,243.64,6172,6902,0.894233555,370.8771975,105,96,711,27,93.6187973,87.87075806,58.68821716,0.345002803,10.2
12.11,0.8068,191.97,5289,6153.5,0.859510847,397.4041089,90,88,676,22,91.30379486,81.4335022,80.31084442,0.452240285,9.5
14.64,0.9157,214.12,5435,7078.5,0.767818041,453.6883796,100,103,752,22,95.24363708,87.6239624,133.3382263,0.391922887,10.1
6.3,0.413,114.43,3388,4247,0.797739581,354.5929267,92,68,598,22,87.75205994,57.35018921,108.6825256,0.756885013,9.9
11.32,0.7483,188.9,7497,9803.5,0.764726883,547.5289993,117,109,974,24,126.3793182,90.60565186,58.34760284,0.69714087,11.4
8.74,0.5723,146.31,4184,5088,0.822327044,337.3208486,93,88,624,24,82.9431076,79.2046814,104.4438095,0.296838084,9.3
9.59,0.6333,164.26,4505,5067.5,0.88899852,307.4213538,80,84,595,25,84.85428619,74.61048126,25.47213364,0.476309493,9.5
3.95,0.2926,77.66,2065,2437.5,0.847179487,273.2792184,51,72,523,22,67.45601654,39.97172546,156.8983154,0.805526444,7.6
1.82,0.1284,38.38,1208,1483,0.814565071,191.2375883,48,54,400,17,54.93842697,33.6099968,137.7946472,0.791031254,6.3
8.66,0.6199,142.66,4724,5868.5,0.804975718,456.7178172,115,72,772,22,102.1178055,64.94036865,101.6821289,0.771741961,9.1
12.3,0.7852,200.77,6218,7437,0.836089821,443.3036036,142,81,1014,23,125.4006271,70.05194092,97.75601196,0.829420262,10.1
12.4,0.7962,197.9,5497,6175.5,0.890130354,345.3208486,101,89,644,23,94.42681885,83.57833862,103.4485092,0.465377503,8.8
10.47,0.6847,176.43,4500,4824.5,0.932739144,294.5929267,73,89,611,25,88.95516205,66.02468109,161.6654358,0.670151564,8.6
8.98,0.593,155.7,3431,3805.5,0.901589804,272.5929267,74,73,553,25,77.40106201,62.53102493,135.4452515,0.589342501,8.9
9.6,0.6667,165.21,4636,5892.5,0.786762834,393.462984,96,91,743,23,89.81423187,78.19067383,47.60618591,0.492022956,9.4
13.69,0.8842,226.82,8050,10301.5,0.781439596,606.7005723,158,106,1100,27,134.2248383,85.26170349,81.23420715,0.772334911,10
14.39,0.9167,234.15,6990,8120.5,0.860784434,426.9604578,118,93,858,24,114.8177643,83.13041687,68.89188385,0.689778438,9.6
13.44,0.9128,221.31,5796,6629,0.874340021,371.3624787,104,85,771,21,101.3358154,78.95986938,76.01268768,0.62678761,9.2
13.76,0.8857,217.13,5346,6360,0.840566038,383.9898953,96,93,692,22,96.98147583,85.97642517,32.39857483,0.462682229,9.9
13.33,0.8354,221.82,4741,5932,0.799224545,378.4335464,89,83,700,21,90.20865631,73.48776245,113.7110901,0.579964112,9.4
6.82,0.4493,122.13,3869,4936,0.783833063,352.0487704,95,81,676,21,86.58336639,67.91832733,127.7779465,0.6202212,9.4
12.42,0.7724,203.18,6238,6939.5,0.898912025,374.676187,101,91,755,25,103.8632965,79.12820435,53.64456177,0.64775403,8.9
6.76,0.4407,117.64,3111,3778.5,0.823342596,298.8355674,86,66,689,24,87.38648224,52.49211884,50.6479454,0.799482612,8.5
10.29,0.6868,170.04,4698,5993,0.783914567,464.617312,94,98,655,19,88.11843109,74.87251282,41.02825928,0.52729787,9.3
5.54,0.3775,99.91,2928,3431.5,0.853271164,293.2792184,64,78,562,20,73.15795898,53.26713562,147.2349091,0.685458937,8.1
16.44,0.9742,249.42,5797,7399,0.783484255,424.0904006,119,99,821,23,105.4746628,82.7651062,115.2092056,0.619886063,10.1
9.46,0.6162,157.53,4629,6138.5,0.754093019,434.1320307,107,85,672,19,106.1595764,70.13128662,113.5528107,0.750719244,8.5
12.24,0.7598,199.62,6787,7988,0.849649474,445.6883796,123,92,840,27,111.9407272,85.60746002,92.77498627,0.644318756,9.7
8.75,0.5843,150.74,3861,4304.5,0.896968289,296.693432,93,69,637,28,84.62934113,62.64081955,86.6266861,0.672410421,8.1
15.56,1.0004,250.71,6107,6964.5,0.876875583,379.3036036,104,98,707,28,98.91074371,90.27890778,59.64695358,0.408560908,10.4
18.81,1.1586,297.95,5221,6102,0.855621108,354.4335464,92,101,711,21,88.74441528,81.89318085,154.8559265,0.385283796,11
9.89,0.5414,131.13,4098,5005,0.818781219,385.7888849,87,77,633,27,89.74809265,68.22929382,109.2274246,0.6496527,9.5
19.94,1.3621,332.69,8570,12040,0.71179402,656.3401815,158,104,1103,21,146.1002808,87.04007721,93.4079895,0.803165692,11.2
11.04,0.7066,183.68,5754,6341.5,0.907356304,359.9482652,97,95,637,28,91.75031281,87.04582214,59.33928299,0.316102416,9.9
9.87,0.622,161.81,4175,4521,0.923468259,284.2081507,77,75,578,23,79.3323288,67.819664,124.9744644,0.518824888,9.9
9.98,0.5969,152.87,3509,3948.5,0.888691908,286.0071403,63,82,583,22,78.43552399,60.18452835,17.56557274,0.641273816,9.6
4.92,0.3534,96.15,2030,2349.5,0.86401362,248.693432,55,61,516,18,64.73445892,43.22676849,139.6587524,0.744380989,7.5
5.49,0.3678,102.13,2958,3773.5,0.783887637,353.84776,79,68,570,22,77.30457306,57.27495956,127.1083984,0.671615339,7.5
6.23,0.4358,114.75,3858,4990.5,0.773068831,395.4041089,97,80,768,20,97.3973999,58.1542511,54.82959747,0.802180079,8.9
7.21,0.4694,129.84,3582,4191.5,0.854586663,313.2792184,88,68,708,23,87.87562561,55.77412033,51.7831459,0.772763676,9.5
6.5,0.4248,111.14,2832,3384,0.836879433,272.0071403,57,75,593,20,78.93658447,52.40449524,19.25636673,0.747838268,9.4
6.22,0.4548,107.41,2714,3456.5,0.785187328,320.5929267,59,84,580,21,75.0650177,53.69498062,163.2369995,0.698804234,8.2
3.27,0.2205,66.98,1801,2538.5,0.709474099,279.1787132,74,53,607,16,73.50328827,39.17134094,124.9605331,0.8461659,6.8
7.94,0.5282,143.22,4940,6644,0.743527995,520.215291,106,93,829,20,111.9867859,73.52921295,132.9507141,0.754249169,8.6
75.17,3.62,902.27,23787,26418.5,0.900391771,727.2691138,198,184,1350,34,192.5204468,162.562088,125.3222275,0.535731032,14.7
137.06,6.1,1569.26,28803,32013,0.899728235,783.0092282,210,216,1455,41,204.5549164,186.2957458,139.6332245,0.412986663,17.6
132.66,6.07,1659.16,26273,29000,0.905965517,731.754395,174,221,1505,35,207.0571747,167.7375183,7.188457489,0.586288384,16.8
140.07,6.59,1703.98,29335,32444,0.904173345,978.0408928,202,222,1542,37,213.6133881,180.9772949,25.56425667,0.531243986,18.1
134.19,6.01,1566.09,31911,34876,0.914984517,836.8914781,229,202,1653,37,230.8722229,183.1424255,58.11806488,0.608878956,16.9
107.92,5.01,1244.02,30938,33624.5,0.920102901,1124.35341,241,190,1637,28,233.9573059,172.2066193,95.03952789,0.676916278,16.3
160.7,7.13,1839.27,34354,38179,0.899814034,841.8204104,235,213,1698,36,227.2086334,202.7499542,120.007637,0.451341206,17.6
129.16,5.58,1524.55,23088,24805,0.930780085,663.7127649,186,177,1399,35,179.2245483,167.8370514,62.76597977,0.350767966,17.4
176.79,7.79,1968.38,27935,33339.5,0.837894989,844.3229365,206,215,1472,36,208.8349152,185.4175415,22.58255959,0.46010101,18.5
147.64,6.65,1752.44,29276,33088,0.88479207,785.4945095,236,206,1612,33,222.0437775,181.0046082,73.44319916,0.579214288,17.8
134.12,6.31,1615.69,33899,38796,0.873775647,1176.90369,253,211,1771,29,248.432251,187.2536621,75.10118103,0.657171185,17.7
103.44,5.07,1354.9,29242,31408.5,0.931021857,754.3818116,217,188,1521,38,214.8016052,177.8474884,98.75669861,0.560784745,17.1
99.95,4.91,1286.37,22713,25722.5,0.883001263,706.1980461,198,174,1386,39,186.7947845,164.6044617,110.7144394,0.472734695,17
105.17,5,1280.02,18844,20816,0.905265181,625.6711347,148,171,1201,31,172.7324219,145.1465912,166.8718109,0.542125828,16.6
100.88,5.01,1219.08,20381,24005,0.849031452,760.7665876,173,176,1295,32,167.3973846,164.5212402,82.69160461,0.184574834,15.6
127.07,5.67,1483.68,28229,32760,0.861691087,877.2346239,235,192,1614,31,223.5571594,171.6661682,68.42287445,0.640587833,16.7
107.53,5.1,1296.62,30518,33026.5,0.924045842,828.8670928,237,177,1704,34,237.370285,167.3765106,79.56396484,0.709079721,16.5
106.28,5.06,1285.68,24449,27376.5,0.89306522,705.6538898,194,187,1300,35,189.7169495,172.1961365,75.41860199,0.419733021,16.2
110.52,5.13,1351.88,21110,23670.5,0.89182738,670.8670928,180,187,1297,37,175.5604248,161.0435791,3.575032949,0.39817056,17.4
107.43,5.23,1325.22,20390,23199,0.878917195,944.1009926,176,182,1291,35,173.3587952,161.0493469,158.7971497,0.370093821,16.2
88.11,4.55,1143.01,22200,23938,0.927395772,725.8965304,186,169,1342,37,179.9934845,157.7588196,119.9600677,0.481457183,15.7
136.21,6.17,1551.21,32213,38096.5,0.845563241,1452.379755,248,199,1833,33,257.2939148,176.5254822,109.4567947,0.727521439,16.9
65.15,3.18,763.37,20328,22208.5,0.915325213,675.5533845,201,170,1349,34,192.1580048,138.995163,60.21178055,0.690494256,14.2
96.16,4.93,1140.32,24106,26824.5,0.898656079,755.7371501,190,199,1391,33,186.2909393,168.3322144,39.9162941,0.42838037,12.6
87.82,4.41,1097.72,19583,22517.5,0.869679138,655.1686085,172,194,1337,31,168.5781555,158.2960358,170.479187,0.343898552,15.3
108.08,5.05,1263.14,21262,23690.5,0.897490555,700.6244522,177,182,1296,33,185.9246521,154.2946625,139.9749146,0.557945822,16.6
68.2,3.33,855.58,19603,23196,0.845102604,726.8670928,188,181,1307,27,183.1805725,145.163147,125.0219116,0.609924806,15.4
133.8,6.05,1533.68,34116,39583.5,0.861874266,891.678275,242,210,1767,38,241.1689301,197.4367676,114.8583374,0.574270165,17
124.48,5.6,1434.19,23073,25938.5,0.889527151,673.2691138,188,200,1417,37,197.7826996,159.0892639,137.4257202,0.594136949,17.3
52.92,2.88,764,16521,19176,0.861545682,656.7838326,161,166,1137,31,158.0130463,142.1687164,139.6757507,0.436451654,14.5
90.13,4.96,1235.65,21044,24823,0.847762156,725.5117544,187,196,1361,35,187.3783875,156.9272766,44.14025497,0.546454688,16.4
102.17,4.78,1269.21,27940,32352.5,0.863611777,790.8254627,222,203,1637,36,226.2792664,170.7027435,63.44392395,0.65642685,17.1
130.46,5.95,1572.7,32420,35316,0.917997508,834.0975409,230,187,1679,32,232.9679871,183.7061615,99.61530304,0.614974746,17.1
158.31,7.15,1855.82,32978,36573.5,0.901691115,818.6660824,239,216,1673,34,223.2412415,196.8956146,115.0610962,0.471275898,18.4
80.86,4.39,1102.24,17983,20476,0.878247705,602.8427076,166,176,1109,35,174.3500519,143.7167053,139.1968079,0.566153611,15.2
110.57,5.69,1369.84,25810,32026,0.8059077,1397.849677,203,208,1446,40,197.3540649,180.8841553,30.2129879,0.399928393,15.5
139,6.37,1648.09,27862,31620,0.88115117,779.9381605,217,203,1573,31,200.9828033,189.4674988,73.15743256,0.333627389,18
127.61,6.19,1513.58,30741,37058.5,0.82952629,922.3229365,243,198,1806,33,239.7062073,178.6611328,81.99419403,0.666691504,17.1
127.5,5.76,1499.42,27689,30161,0.918039853,729.369619,233,182,1625,33,214.9102936,172.6658173,97.29307556,0.59539646,17.3
82.4,4.04,1083.8,16754,19304,0.867903025,576.0142806,172,164,1164,34,171.8962097,136.8350372,134.3774109,0.605253362,16.5
143.88,6.53,1732.2,24262,27314,0.88826243,689.9970356,191,200,1359,35,186.961853,176.0497742,4.763664722,0.336636352,18.1
90.09,4.21,1171.28,16138,19457,0.829418718,950.1901588,164,149,1203,35,160.7488556,139.1221161,123.2306976,0.500973609,16.4
156.82,7.07,1838.08,63407,87767,0.722446933,2136.439895,409,362,3407,34,480.6216736,209.4245148,133.281311,0.900074166,18.3
121.68,6.01,1506.79,28198,31165.5,0.904782532,774.9675981,259,171,1771,31,242.8525391,155.9476318,82.6588974,0.766579444,17.5
101.91,4.81,1276.67,22621,25911.5,0.873010053,1047.609109,202,173,1386,33,197.6464386,152.6830444,62.11010742,0.635007558,16
77.56,4.07,1058.63,17727,20616,0.859866123,959.700431,164,154,1142,35,161.0283661,152.2111206,122.6747131,0.326364063,15.5
158.65,6.94,1724.83,24537,28195.5,0.870245252,761.5950147,194,201,1406,41,184.9484558,180.5197754,21.50127029,0.217526052,17.7
118.44,5.48,1459.66,21692,26518.5,0.817994985,1044.523694,209,166,1556,31,199.810379,149.996048,122.1735687,0.660652374,17.3
131.86,6.04,1478.94,63434,87767,0.722754566,2136.439895,409,362,3407,34,480.6216736,209.4245148,133.281311,0.900074166,16
68.37,3.53,892.01,19567,22303.5,0.877306252,676.7838326,185,158,1356,33,182.7041931,143.508255,58.79031372,0.618902564,13.5
101.73,4.8,1205.07,19620,23297.5,0.842150445,672.1564159,178,193,1341,30,178.1280823,154.2305603,29.48335457,0.500319616,15
113.93,5.65,1398.31,22209,26365,0.842366774,1099.080545,180,205,1414,31,192.4206848,160.8225403,173.5283356,0.549055132,16.1
59.36,3.01,828.45,12316,16918,0.727982031,649.8549002,151,140,1165,25,157.6028595,121.3963547,127.3066101,0.63772097,14.8
81.36,4.22,1040.39,18434,22552,0.817399787,771.1097335,201,156,1482,29,192.751236,134.006134,112.683136,0.718788889,15.9
99.42,4.7,1220.28,26161,28523.5,0.917173559,742.3229365,206,188,1546,37,214.5561523,159.13974,120.1472549,0.670714033,15.9
108.82,5.24,1325.2,24449,27540.5,0.887747136,750.9675981,190,187,1474,31,193.5458984,167.1513977,137.7471313,0.50413192,16.5
119.75,5.67,1417.05,21343,24037.5,0.887904316,667.6122596,180,176,1386,36,172.3976135,165.583847,152.4240875,0.278361272,17.5
136.97,6.18,1593.72,26667,29485.5,0.904410643,1086.513902,193,209,1488,36,201.5480042,173.0447998,13.50810051,0.512681984,17.3
144.34,6.71,1704.32,32647,35094,0.930272981,816.1219261,243,208,1740,30,234.3856201,180.8453217,63.62297058,0.636142314,16.8
139.75,6.48,1592.71,33858,37975.5,0.891574831,892.9503531,276,181,1959,34,271.0012512,165.0355225,103.8550644,0.793182233,17.8
146.06,6.67,1692.82,30096,32108.5,0.937321893,756.2813064,220,206,1533,38,217.1280518,179.9921112,117.2190018,0.559296688,17.7
119.49,5.71,1458.47,22383,24801,0.902503931,683.9381605,184,184,1314,33,175.849411,168.1245575,144.7891541,0.293134542,17.7
116,5.49,1365.43,22709,25243,0.899615735,700.6244522,182,171,1340,36,179.2354279,168.4139557,96.55152893,0.342207914,17
118.46,5.63,1420.43,26313,29655,0.887303996,749.4528793,208,187,1410,35,200.6988831,179.5069733,82.6832962,0.447249119,17.4
120.81,5.63,1467.52,27656,33543.5,0.824481643,963.4772645,232,188,1635,28,235.1095123,160.3483887,76.27046967,0.731337492,17.6
108.6,5.36,1385.42,25045,28449,0.880347288,752.8670928,221,174,1538,37,210.239975,159.9057922,91.42237854,0.649236022,17
111.97,5.12,1318.93,19897,21366,0.931245905,608.1980461,184,157,1263,35,173.2376862,148.8923645,85.37810516,0.511188417,16
84.39,4.27,1083.21,17128,19642.5,0.871986763,600.3990566,171,171,1131,35,155.9463348,151.4716797,45.1769371,0.237831443,16.9
115.08,5.4,1398.72,21201,24676.5,0.859157498,696.4406867,198,176,1392,35,185.3564148,156.2928162,90.19856262,0.53759757,17
111.65,5.33,1414.99,26224,30924.5,0.848000776,871.293499,219,187,1523,34,211.6833344,171.3985138,96.29747772,0.586853685,17
157.4,7.13,1814.25,31519,34258,0.920047872,837.0508584,251,183,1823,32,240.6879425,176.700592,73.78631592,0.678989388,18.2
137.99,6.21,1613.93,24435,26248,0.930928071,683.1269784,197,183,1388,38,197.6133423,161.5614319,57.51276016,0.575838624,18.8
112.16,5.29,1397.35,19823,21649,0.915654303,618.4995618,163,170,1318,34,171.5339661,153.6104431,26.56532288,0.445040674,16.5
187.64,8.44,2139.88,28409,33099,0.858303876,826.5655771,216,193,1482,33,205.4029846,189.4120178,100.6588287,0.38683649,18.5
109.96,5.18,1320.89,22740,25822,0.880644412,731.1686085,212,177,1335,30,194.2438507,161.0240173,99.01040649,0.559280157,16.8
142.47,6.55,1685.42,30888,37139,0.831686367,929.7787802,249,204,1761,29,251.9478302,169.0717621,95.59342194,0.741404299,18
57.96,3.01,726.46,19084,22974,0.830678158,767.9381605,193,167,1367,33,190.5808868,137.7330933,62.13874817,0.691160284,13
81.46,3.88,1001.79,18373,21556.5,0.852318326,661.6122596,164,189,1317,29,176.0409241,141.1417236,22.05672646,0.597652594,14.8
140.84,6.38,1707.14,23374,26050,0.897274472,683.754395,186,194,1427,31,191.3799744,164.49617,175.9593048,0.511091089,16.9
108.17,5.25,1364.18,23457,25678.5,0.913487937,671.754395,198,179,1364,31,194.8153839,159.8708191,122.6569138,0.57146379,16.6
64.4,3.35,812.24,18533,22886.5,0.80977869,821.5950147,189,168,1376,22,193.5799408,133.3063202,123.7322693,0.725106204,14.7